Carro;Piloto;Time of Day;Lap;Lap Tm;Lap Tm (Segundos);Speed;S1;S1 Tm;S2;S2 Tm;S3;S3 Tm;SPT;SPT Tm;Stint;Tipo_Volta;Outlier
0;0 - CACA BUENO - Stock Car Pro;13:10:45.273;1,0;1:40.678;100,678;119,073;;;0,0;22.404;0,0;37.507;;;1;Push;False
0;0 - CACA BUENO - Stock Car Pro;13:13:21.426;2,0;2:36.153;156,153;76,771;0,0;29.939;0,0;26.991;;;204,7;0.561;1;In-Lap/Garage;True
0;0 - CACA BUENO - Stock Car Pro;13:15:04.380;3,0;1:42.954;102,954;116,44;;;0,0;21.168;0,0;37.978;;;2;Out-Lap;True
0;0 - CACA BUENO - Stock Car Pro;13:16:27.078;4,0;1:22.698;82,698;144,961;0,0;25.586;0,0;20.562;0,0;36.550;208,0;0.552;2;Push;False
0;0 - CACA BUENO - Stock Car Pro;13:17:49.916;5,0;1:22.838;82,838;144,716;0,0;25.740;0,0;20.475;0,0;36.623;206,9;0.555;2;Push;False
0;0 - CACA BUENO - Stock Car Pro;13:19:12.553;6,0;1:22.637;82,637;145,068;0,0;25.594;0,0;20.518;0,0;36.525;207,7;0.553;2;Push;False
0;0 - CACA BUENO - Stock Car Pro;13:22:54.048;7,0;3:41.495;221,495;54,123;0,0;28.568;0,0;24.305;;;208,4;0.551;2;In-Lap/Garage;True
0;0 - CACA BUENO - Stock Car Pro;13:24:43.308;8,0;1:49.260;109,26;109,72;;;0,0;25.517;0,0;46.926;;;3;Out-Lap;True
0;0 - CACA BUENO - Stock Car Pro;13:26:11.883;9,0;1:28.575;88,575;135,343;0,0;26.343;0,0;22.542;0,0;39.690;204,3;0.562;3;Push;True
0;0 - CACA BUENO - Stock Car Pro;13:27:34.714;10,0;1:22.831;82,831;144,728;0,0;25.854;0,0;20.785;0,0;36.192;209,2;0.549;3;Push;False
0;0 - CACA BUENO - Stock Car Pro;13:28:56.423;11,0;1:21.709;81,709;146,716;0,0;25.241;0,0;20.429;0,0;36.039;210,3;0.546;3;Push;False
0;0 - CACA BUENO - Stock Car Pro;13:30:18.216;12,0;1:21.793;81,793;146,565;0,0;25.348;0,0;20.231;0,0;36.214;208,4;0.551;3;Push;False
1;1 - FELIPE FRAGA - Stock Car Pro;13:02:52.456;1,0;1:41.870;101,87;117,679;;;0,0;24.223;0,0;39.607;;;1;Push;True
1;1 - FELIPE FRAGA - Stock Car Pro;13:04:19.869;2,0;1:27.413;87,413;137,142;0,0;27.782;0,0;21.794;0,0;37.837;203,3;0.565;1;Push;True
1;1 - FELIPE FRAGA - Stock Car Pro;13:05:42.685;3,0;1:22.816;82,816;144,755;0,0;25.624;0,0;20.604;0,0;36.588;207,7;0.553;1;Push;False
1;1 - FELIPE FRAGA - Stock Car Pro;13:07:05.081;4,0;1:22.396;82,396;145,492;0,0;25.558;0,0;20.496;0,0;36.342;208,0;0.552;1;Push;False
1;1 - FELIPE FRAGA - Stock Car Pro;13:08:27.203;5,0;1:22.122;82,122;145,978;0,0;25.445;0,0;20.361;0,0;36.316;208,8;0.550;1;Push;False
1;1 - FELIPE FRAGA - Stock Car Pro;13:13:42.505;6,0;5:15.302;315,302;38,021;0,0;25.447;0,0;20.559;;;209,6;0.548;1;In-Lap/Garage;True
1;1 - FELIPE FRAGA - Stock Car Pro;13:15:12.585;7,0;1:30.080;90,08;133,082;;;0,0;21.884;0,0;37.181;;;2;Out-Lap;True
1;1 - FELIPE FRAGA - Stock Car Pro;13:16:34.882;8,0;1:22.297;82,297;145,668;0,0;25.402;0,0;20.437;0,0;36.458;208,8;0.550;2;Push;False
1;1 - FELIPE FRAGA - Stock Car Pro;13:17:57.216;9,0;1:22.334;82,334;145,602;0,0;25.476;0,0;20.432;0,0;36.426;209,2;0.549;2;Push;False
1;1 - FELIPE FRAGA - Stock Car Pro;13:22:47.867;10,0;4:50.651;290,651;41,245;0,0;25.405;0,0;20.514;;;208,8;0.550;2;In-Lap/Garage;True
1;1 - FELIPE FRAGA - Stock Car Pro;13:24:22.549;11,0;1:34.682;94,682;126,613;;;0,0;21.835;0,0;37.556;;;3;Out-Lap;True
1;1 - FELIPE FRAGA - Stock Car Pro;13:25:46.297;12,0;1:23.748;83,748;143,144;0,0;26.381;0,0;20.791;0,0;36.576;207,3;0.554;3;Push;False
1;1 - FELIPE FRAGA - Stock Car Pro;13:27:07.467;13,0;1:21.170;81,17;147,69;0,0;25.171;0,0;20.065;0,0;35.934;208,8;0.550;3;Push;False
10;10 - RICARDO ZONTA - Stock Car Pro;13:01:46.151;1,0;1:35.569;95,569;125,438;;;0,0;22.481;0,0;38.495;;;1;Push;True
10;10 - RICARDO ZONTA - Stock Car Pro;13:03:11.135;2,0;1:24.984;84,984;141,062;0,0;26.432;0,0;21.179;0,0;37.373;204,7;0.561;1;Push;False
10;10 - RICARDO ZONTA - Stock Car Pro;13:04:35.856;3,0;1:24.721;84,721;141,5;0,0;26.203;0,0;21.040;0,0;37.478;206,5;0.556;1;Push;False
10;10 - RICARDO ZONTA - Stock Car Pro;13:05:59.968;4,0;1:24.112;84,112;142,524;0,0;26.128;0,0;20.888;0,0;37.096;205,4;0.559;1;Push;False
10;10 - RICARDO ZONTA - Stock Car Pro;13:07:27.816;5,0;1:27.848;87,848;136,463;0,0;26.120;0,0;22.741;0,0;38.987;207,3;0.554;1;Push;False
10;10 - RICARDO ZONTA - Stock Car Pro;13:08:51.611;6,0;1:23.795;83,795;143,063;0,0;25.844;0,0;20.880;0,0;37.071;206,9;0.555;1;Push;False
10;10 - RICARDO ZONTA - Stock Car Pro;13:11:45.542;7,0;2:53.931;173,931;68,924;0,0;25.847;0,0;20.735;;;207,3;0.554;1;In-Lap/Garage;True
10;10 - RICARDO ZONTA - Stock Car Pro;13:13:20.923;8,0;1:35.381;95,381;125,685;;;0,0;23.477;0,0;38.724;;;2;Out-Lap;True
10;10 - RICARDO ZONTA - Stock Car Pro;13:14:53.857;9,0;1:32.934;92,934;128,995;0,0;30.340;0,0;23.839;0,0;38.755;206,9;0.555;2;Push;True
10;10 - RICARDO ZONTA - Stock Car Pro;13:16:16.521;10,0;1:22.664;82,664;145,021;0,0;25.593;0,0;20.409;0,0;36.662;206,9;0.555;2;Push;False
10;10 - RICARDO ZONTA - Stock Car Pro;13:17:41.106;11,0;1:24.585;84,585;141,727;0,0;25.462;0,0;20.366;0,0;38.757;207,7;0.553;2;Push;False
10;10 - RICARDO ZONTA - Stock Car Pro;13:19:03.806;12,0;1:22.700;82,7;144,958;0,0;25.585;0,0;20.471;0,0;36.644;208,4;0.551;2;Push;False
10;10 - RICARDO ZONTA - Stock Car Pro;13:20:26.376;13,0;1:22.570;82,57;145,186;0,0;25.514;0,0;20.466;0,0;36.590;208,0;0.552;2;Push;False
10;10 - RICARDO ZONTA - Stock Car Pro;13:23:30.877;14,0;3:04.501;184,501;64,975;0,0;28.363;0,0;23.190;;;209,2;0.549;2;In-Lap/Garage;True
10;10 - RICARDO ZONTA - Stock Car Pro;13:25:10.052;15,0;1:39.175;99,175;120,877;;;0,0;23.559;0,0;40.417;;;3;Out-Lap;True
10;10 - RICARDO ZONTA - Stock Car Pro;13:26:37.927;16,0;1:27.875;87,875;136,421;0,0;28.091;0,0;21.997;0,0;37.787;203,6;0.564;3;Push;False
10;10 - RICARDO ZONTA - Stock Car Pro;13:28:04.410;17,0;1:26.483;86,483;138,617;0,0;25.506;0,0;20.350;0,0;40.627;208,0;0.552;3;Push;False
10;10 - RICARDO ZONTA - Stock Car Pro;13:29:26.795;18,0;1:22.385;82,385;145,512;0,0;25.502;0,0;20.453;0,0;36.430;209,2;0.549;3;Push;False
11;11 - GAETANO DI MAURO - Stock Car Pro;13:37:28.839;1,0;1:39.263;99,263;120,77;;;0,0;22.702;0,0;39.786;;;1;Push;True
11;11 - GAETANO DI MAURO - Stock Car Pro;13:38:53.616;2,0;1:24.777;84,777;141,406;0,0;25.998;0,0;21.048;0,0;37.731;206,5;0.556;1;Push;False
11;11 - GAETANO DI MAURO - Stock Car Pro;13:40:16.459;3,0;1:22.843;82,843;144,707;0,0;25.700;0,0;20.510;0,0;36.633;208,8;0.550;1;Push;False
11;11 - GAETANO DI MAURO - Stock Car Pro;13:43:05.735;4,0;2:49.276;169,276;70,819;0,0;25.748;0,0;20.588;;;209,6;0.548;1;In-Lap/Garage;True
11;11 - GAETANO DI MAURO - Stock Car Pro;13:44:39.606;5,0;1:33.871;93,871;127,707;;;0,0;21.761;0,0;37.977;;;2;Out-Lap;True
11;11 - GAETANO DI MAURO - Stock Car Pro;13:46:04.124;6,0;1:24.518;84,518;141,84;0,0;26.198;0,0;21.521;0,0;36.799;204,7;0.561;2;Push;False
11;11 - GAETANO DI MAURO - Stock Car Pro;13:47:26.311;7,0;1:22.187;82,187;145,862;0,0;25.475;0,0;20.396;0,0;36.316;208,4;0.551;2;Push;False
11;11 - GAETANO DI MAURO - Stock Car Pro;13:48:48.387;8,0;1:22.076;82,076;146,06;0,0;25.421;0,0;20.302;0,0;36.353;208,8;0.550;2;Push;False
11;11 - GAETANO DI MAURO - Stock Car Pro;13:50:10.484;9,0;1:22.097;82,097;146,022;0,0;25.428;0,0;20.300;0,0;36.369;209,2;0.549;2;Push;False
11;11 - GAETANO DI MAURO - Stock Car Pro;13:56:25.536;10,0;6:15.052;375,052;31,964;0,0;26.009;0,0;20.885;;;209,6;0.548;2;In-Lap/Garage;True
11;11 - GAETANO DI MAURO - Stock Car Pro;13:57:56.999;11,0;1:31.463;91,463;131,069;;;0,0;21.469;0,0;37.708;;;3;Out-Lap;True
11;11 - GAETANO DI MAURO - Stock Car Pro;13:59:22.559;12,0;1:25.560;85,56;140,112;0,0;26.240;0,0;21.732;0,0;37.588;202,5;0.567;3;Push;False
11;11 - GAETANO DI MAURO - Stock Car Pro;14:00:43.767;13,0;1:21.208;81,208;147,621;0,0;25.270;0,0;19.986;0,0;35.952;209,9;0.547;3;Push;False
111;111 - RUBENS BARRICHELLO - Stock Car Pro;13:37:21.383;1,0;1:35.785;95,785;125,155;;;0,0;22.557;0,0;39.076;;;1;Push;True
111;111 - RUBENS BARRICHELLO - Stock Car Pro;13:38:48.065;2,0;1:26.682;86,682;138,299;0,0;26.667;0,0;21.294;0,0;38.721;206,2;0.557;1;Push;False
111;111 - RUBENS BARRICHELLO - Stock Car Pro;13:40:11.671;3,0;1:23.606;83,606;143,387;0,0;25.730;0,0;20.843;0,0;37.033;208,0;0.552;1;Push;False
111;111 - RUBENS BARRICHELLO - Stock Car Pro;13:41:34.843;4,0;1:23.172;83,172;144,135;0,0;25.703;0,0;20.658;0,0;36.811;207,7;0.553;1;Push;False
111;111 - RUBENS BARRICHELLO - Stock Car Pro;13:46:11.082;5,0;4:36.239;276,239;43,397;0,0;27.401;0,0;21.634;;;207,7;0.553;1;In-Lap/Garage;True
111;111 - RUBENS BARRICHELLO - Stock Car Pro;13:47:47.570;6,0;1:36.488;96,488;124,243;;;0,0;21.482;0,0;37.627;;;2;Out-Lap;True
111;111 - RUBENS BARRICHELLO - Stock Car Pro;13:49:10.447;7,0;1:22.877;82,877;144,648;0,0;25.677;0,0;20.566;0,0;36.634;207,3;0.554;2;Push;False
111;111 - RUBENS BARRICHELLO - Stock Car Pro;13:50:33.372;8,0;1:22.925;82,925;144,564;0,0;25.554;0,0;20.580;0,0;36.791;206,9;0.555;2;Push;False
111;111 - RUBENS BARRICHELLO - Stock Car Pro;13:51:56.215;9,0;1:22.843;82,843;144,707;0,0;25.574;0,0;20.549;0,0;36.720;206,9;0.555;2;Push;False
111;111 - RUBENS BARRICHELLO - Stock Car Pro;13:57:27.583;10,0;5:31.368;331,368;36,177;0,0;28.187;0,0;21.871;;;208,0;0.552;2;In-Lap/Garage;True
111;111 - RUBENS BARRICHELLO - Stock Car Pro;13:59:06.873;11,0;1:39.290;99,29;120,737;;;0,0;23.407;0,0;40.056;;;3;Out-Lap;True
111;111 - RUBENS BARRICHELLO - Stock Car Pro;14:00:35.155;12,0;1:28.282;88,282;135,792;0,0;26.988;0,0;21.970;0,0;39.324;206,2;0.557;3;Push;False
111;111 - RUBENS BARRICHELLO - Stock Car Pro;14:02:04.134;13,0;1:28.979;88,979;134,728;0,0;29.228;0,0;22.566;0,0;37.185;209,2;0.549;3;Push;False
111;111 - RUBENS BARRICHELLO - Stock Car Pro;14:03:26.000;14,0;1:21.866;81,866;146,434;0,0;25.322;0,0;20.382;0,0;36.162;209,6;0.548;3;Push;False
12;12 - LUCAS FORESTI - Stock Car Pro;13:02:17.185;1,0;1:35.142;95,142;126,001;;;0,0;22.196;0,0;40.096;;;1;Push;True
12;12 - LUCAS FORESTI - Stock Car Pro;13:03:48.998;2,0;1:31.813;91,813;130,57;0,0;28.826;0,0;21.155;0,0;41.832;130,1;0.883;1;Push;True
12;12 - LUCAS FORESTI - Stock Car Pro;13:05:12.612;3,0;1:23.614;83,614;143,373;0,0;26.068;0,0;20.538;0,0;37.008;206,2;0.557;1;Push;False
12;12 - LUCAS FORESTI - Stock Car Pro;13:06:35.956;4,0;1:23.344;83,344;143,838;0,0;25.925;0,0;20.604;0,0;36.815;206,2;0.557;1;Push;False
12;12 - LUCAS FORESTI - Stock Car Pro;13:09:54.835;5,0;3:18.879;198,879;60,278;0,0;25.827;0,0;20.474;;;205,8;0.558;1;In-Lap/Garage;True
12;12 - LUCAS FORESTI - Stock Car Pro;13:11:23.331;6,0;1:28.496;88,496;135,464;;;0,0;20.934;0,0;36.951;;;2;Out-Lap;True
12;12 - LUCAS FORESTI - Stock Car Pro;13:12:46.799;7,0;1:23.468;83,468;143,624;0,0;26.067;0,0;20.571;0,0;36.830;205,4;0.559;2;Push;False
12;12 - LUCAS FORESTI - Stock Car Pro;13:16:17.402;8,0;3:30.603;210,603;56,922;0,0;25.930;0,0;20.958;;;206,2;0.557;2;In-Lap/Garage;True
12;12 - LUCAS FORESTI - Stock Car Pro;13:17:45.493;9,0;1:28.091;88,091;136,087;;;0,0;20.629;0,0;36.891;;;3;Out-Lap;True
12;12 - LUCAS FORESTI - Stock Car Pro;13:19:08.633;10,0;1:23.140;83,14;144,191;0,0;25.763;0,0;20.531;0,0;36.846;206,2;0.557;3;Push;False
12;12 - LUCAS FORESTI - Stock Car Pro;13:21:30.671;11,0;2:22.038;142,038;84,4;0,0;25.724;0,0;20.421;;;206,9;0.555;3;In-Lap/Garage;True
12;12 - LUCAS FORESTI - Stock Car Pro;13:23:02.776;12,0;1:32.105;92,105;130,156;;;0,0;22.008;0,0;39.135;;;4;Out-Lap;True
12;12 - LUCAS FORESTI - Stock Car Pro;13:24:30.610;13,0;1:27.834;87,834;136,485;0,0;29.070;0,0;21.035;0,0;37.729;153,3;0.749;4;Push;False
12;12 - LUCAS FORESTI - Stock Car Pro;13:25:59.583;14,0;1:28.973;88,973;134,738;0,0;28.960;0,0;21.401;0,0;38.612;144,1;0.797;4;Push;True
12;12 - LUCAS FORESTI - Stock Car Pro;13:27:21.173;15,0;1:21.590;81,59;146,93;0,0;25.233;0,0;20.102;0,0;36.255;205,8;0.558;4;Push;False
12;12 - LUCAS FORESTI - Stock Car Pro;13:28:42.853;16,0;1:21.680;81,68;146,768;0,0;25.269;0,0;20.183;0,0;36.228;206,2;0.557;4;Push;False
121;121 - FELIPE BAPTISTA - Stock Car Pro;13:24:41.466;1,0;1:49.630;109,63;109,35;;;0,0;26.173;0,0;46.171;;;1;Push;True
121;121 - FELIPE BAPTISTA - Stock Car Pro;13:26:09.537;2,0;1:28.071;88,071;136,117;0,0;26.964;0,0;21.610;0,0;39.497;201,1;0.571;1;Push;True
121;121 - FELIPE BAPTISTA - Stock Car Pro;13:27:32.020;3,0;1:22.483;82,483;145,339;0,0;25.535;0,0;20.530;0,0;36.418;206,5;0.556;1;Push;False
121;121 - FELIPE BAPTISTA - Stock Car Pro;13:28:53.955;4,0;1:21.935;81,935;146,311;0,0;25.388;0,0;20.286;0,0;36.261;206,5;0.556;1;Push;False
121;121 - FELIPE BAPTISTA - Stock Car Pro;13:30:16.513;5,0;1:22.558;82,558;145,207;0,0;25.675;0,0;20.428;0,0;36.455;206,5;0.556;1;Push;False
18;18 - ALLAM KHODAIR - Stock Car Pro;13:37:48.511;1,0;1:42.375;102,375;117,099;;;0,0;25.857;0,0;42.254;;;1;Push;True
18;18 - ALLAM KHODAIR - Stock Car Pro;13:39:23.962;2,0;1:35.451;95,451;125,593;0,0;29.407;0,0;23.951;0,0;42.093;174,0;0.660;1;Push;True
18;18 - ALLAM KHODAIR - Stock Car Pro;13:40:54.136;3,0;1:30.174;90,174;132,943;0,0;27.707;0,0;23.375;0,0;39.092;183,5;0.626;1;Push;False
18;18 - ALLAM KHODAIR - Stock Car Pro;13:42:22.039;4,0;1:27.903;87,903;136,378;0,0;28.025;0,0;22.682;0,0;37.196;160,2;0.717;1;Push;False
18;18 - ALLAM KHODAIR - Stock Car Pro;13:43:45.298;5,0;1:23.259;83,259;143,984;0,0;25.668;0,0;20.796;0,0;36.795;207,7;0.553;1;Push;False
18;18 - ALLAM KHODAIR - Stock Car Pro;13:50:05.831;6,0;6:20.533;380,533;31,503;0,0;25.836;0,0;20.734;;;207,3;0.554;1;In-Lap/Garage;True
18;18 - ALLAM KHODAIR - Stock Car Pro;13:51:36.146;7,0;1:30.315;90,315;132,735;;;0,0;21.400;0,0;37.072;;;2;Out-Lap;True
18;18 - ALLAM KHODAIR - Stock Car Pro;13:53:03.162;8,0;1:27.016;87,016;137,768;0,0;28.104;0,0;21.551;0,0;37.361;206,9;0.555;2;Push;False
18;18 - ALLAM KHODAIR - Stock Car Pro;13:54:26.259;9,0;1:23.097;83,097;144,265;0,0;25.636;0,0;20.549;0,0;36.912;207,7;0.553;2;Push;False
18;18 - ALLAM KHODAIR - Stock Car Pro;13:58:59.196;10,0;4:32.937;272,937;43,922;0,0;25.624;0,0;20.613;;;207,7;0.553;2;In-Lap/Garage;True
18;18 - ALLAM KHODAIR - Stock Car Pro;14:00:30.312;11,0;1:31.116;91,116;131,569;;;0,0;22.275;0,0;37.964;;;3;Out-Lap;True
18;18 - ALLAM KHODAIR - Stock Car Pro;14:01:55.923;12,0;1:25.611;85,611;140,029;0,0;25.870;0,0;20.985;0,0;38.756;207,3;0.554;3;Push;True
18;18 - ALLAM KHODAIR - Stock Car Pro;14:03:17.508;13,0;1:21.585;81,585;146,939;0,0;25.134;0,0;20.299;0,0;36.152;208,8;0.550;3;Push;False
18;18 - ALLAM KHODAIR - Stock Car Pro;14:04:38.978;14,0;1:21.470;81,47;147,146;0,0;25.223;0,0;20.051;0,0;36.196;207,7;0.553;3;Push;False
19;19 - FELIPE MASSA - Stock Car Pro;13:02:13.347;1,0;1:33.329;93,329;128,449;;;0,0;22.614;0,0;38.602;;;1;Push;True
19;19 - FELIPE MASSA - Stock Car Pro;13:03:45.793;2,0;1:32.446;92,446;129,676;0,0;26.551;0,0;21.202;0,0;44.693;204,7;0.561;1;Push;True
19;19 - FELIPE MASSA - Stock Car Pro;13:05:09.146;3,0;1:23.353;83,353;143,822;0,0;25.910;0,0;20.782;0,0;36.661;206,9;0.555;1;Push;False
19;19 - FELIPE MASSA - Stock Car Pro;13:06:32.016;4,0;1:22.870;82,87;144,66;0,0;25.685;0,0;20.603;0,0;36.582;208,0;0.552;1;Push;False
19;19 - FELIPE MASSA - Stock Car Pro;13:07:54.807;5,0;1:22.791;82,791;144,798;0,0;25.634;0,0;20.551;0,0;36.606;208,4;0.551;1;Push;False
19;19 - FELIPE MASSA - Stock Car Pro;13:14:21.127;6,0;6:26.320;386,32;31,031;0,0;25.996;0,0;21.119;;;208,4;0.551;1;In-Lap/Garage;True
19;19 - FELIPE MASSA - Stock Car Pro;13:15:51.553;7,0;1:30.426;90,426;132,572;;;0,0;20.827;0,0;39.111;;;2;Out-Lap;True
19;19 - FELIPE MASSA - Stock Car Pro;13:17:14.376;8,0;1:22.823;82,823;144,742;0,0;25.603;0,0;20.572;0,0;36.648;206,2;0.557;2;Push;False
19;19 - FELIPE MASSA - Stock Car Pro;13:23:22.949;9,0;6:08.573;368,573;32,525;0,0;25.538;0,0;20.837;;;208,4;0.551;2;In-Lap/Garage;True
19;19 - FELIPE MASSA - Stock Car Pro;13:24:54.502;10,0;1:31.553;91,553;130,941;;;0,0;22.131;0,0;37.600;;;3;Out-Lap;True
19;19 - FELIPE MASSA - Stock Car Pro;13:26:21.045;11,0;1:26.543;86,543;138,521;0,0;25.863;0,0;20.450;0,0;40.230;206,2;0.557;3;Push;False
19;19 - FELIPE MASSA - Stock Car Pro;13:27:42.656;12,0;1:21.611;81,611;146,892;0,0;25.358;0,0;20.167;0,0;36.086;209,9;0.547;3;Push;False
21;21 - THIAGO CAMILO - Stock Car Pro;13:37:29.997;1,0;1:37.975;97,975;122,358;;;0,0;22.936;0,0;40.047;;;1;Push;True
21;21 - THIAGO CAMILO - Stock Car Pro;13:38:53.983;2,0;1:23.986;83,986;142,738;0,0;26.079;0,0;20.954;0,0;36.953;204,7;0.561;1;Push;False
21;21 - THIAGO CAMILO - Stock Car Pro;13:40:25.905;3,0;1:31.922;91,922;130,415;0,0;27.119;0,0;22.626;0,0;42.177;208,0;0.552;1;Push;True
21;21 - THIAGO CAMILO - Stock Car Pro;13:41:49.203;4,0;1:23.298;83,298;143,917;0,0;25.709;0,0;20.561;0,0;37.028;206,5;0.556;1;Push;False
21;21 - THIAGO CAMILO - Stock Car Pro;13:45:46.100;5,0;3:56.897;236,897;50,604;0,0;25.755;0,0;20.690;;;206,9;0.555;1;In-Lap/Garage;True
21;21 - THIAGO CAMILO - Stock Car Pro;13:47:21.134;6,0;1:35.034;95,034;126,144;;;0,0;22.363;0,0;40.310;;;2;Out-Lap;True
21;21 - THIAGO CAMILO - Stock Car Pro;13:48:46.955;7,0;1:25.821;85,821;139,686;0,0;27.436;0,0;21.092;0,0;37.293;162,0;0.709;2;Push;False
21;21 - THIAGO CAMILO - Stock Car Pro;13:50:09.414;8,0;1:22.459;82,459;145,381;0,0;25.485;0,0;20.513;0,0;36.461;205,8;0.558;2;Push;False
21;21 - THIAGO CAMILO - Stock Car Pro;13:55:19.039;9,0;5:09.625;309,625;38,718;0,0;25.514;0,0;20.449;;;206,5;0.556;2;In-Lap/Garage;True
21;21 - THIAGO CAMILO - Stock Car Pro;13:56:51.235;10,0;1:32.196;92,196;130,027;;;0,0;22.406;0,0;38.372;;;3;Out-Lap;True
21;21 - THIAGO CAMILO - Stock Car Pro;14:00:11.442;11,0;3:20.207;200,207;59,878;0,0;25.505;0,0;20.425;;;205,4;0.559;3;In-Lap/Garage;True
21;21 - THIAGO CAMILO - Stock Car Pro;14:01:46.010;12,0;1:34.568;94,568;126,766;;;0,0;22.417;0,0;40.260;;;4;Out-Lap;True
21;21 - THIAGO CAMILO - Stock Car Pro;14:03:11.236;13,0;1:25.226;85,226;140,661;0,0;26.425;0,0;21.107;0,0;37.694;205,1;0.560;4;Push;False
21;21 - THIAGO CAMILO - Stock Car Pro;14:04:33.211;14,0;1:21.975;81,975;146,24;0,0;25.517;0,0;20.287;0,0;36.171;207,7;0.553;4;Push;False
21;21 - THIAGO CAMILO - Stock Car Pro;14:05:54.995;15,0;1:21.784;81,784;146,581;0,0;25.286;0,0;20.160;0,0;36.338;207,3;0.554;4;Push;False
22;22 - ANDRE MORAES JR - Stock Car Pro Rookie;13:39:21.946;1,0;2:09.592;129,592;92,506;;;0,0;26.219;;;;;1;In-Lap/Garage;True
22;22 - ANDRE MORAES JR - Stock Car Pro Rookie;13:41:24.227;2,0;2:02.281;122,281;98,036;;;0,0;21.384;;;;;2;Out-Lap;True
22;22 - ANDRE MORAES JR - Stock Car Pro Rookie;13:42:58.674;3,0;1:34.447;94,447;126,928;;;0,0;24.791;0,0;39.360;;;3;Out-Lap;True
22;22 - ANDRE MORAES JR - Stock Car Pro Rookie;13:44:25.458;4,0;1:26.784;86,784;138,136;0,0;25.863;0,0;20.883;0,0;40.038;204,3;0.562;3;Push;False
22;22 - ANDRE MORAES JR - Stock Car Pro Rookie;13:45:48.990;5,0;1:23.532;83,532;143,514;0,0;25.899;0,0;20.776;0,0;36.857;205,4;0.559;3;Push;False
22;22 - ANDRE MORAES JR - Stock Car Pro Rookie;13:47:12.616;6,0;1:23.626;83,626;143,353;0,0;25.905;0,0;20.766;0,0;36.955;205,4;0.559;3;Push;False
22;22 - ANDRE MORAES JR - Stock Car Pro Rookie;13:48:36.320;7,0;1:23.704;83,704;143,219;0,0;25.949;0,0;20.727;0,0;37.028;205,8;0.558;3;Push;False
22;22 - ANDRE MORAES JR - Stock Car Pro Rookie;13:50:00.034;8,0;1:23.714;83,714;143,202;0,0;25.976;0,0;20.791;0,0;36.947;204,7;0.561;3;Push;False
22;22 - ANDRE MORAES JR - Stock Car Pro Rookie;13:51:23.997;9,0;1:23.963;83,963;142,777;0,0;25.986;0,0;20.915;0,0;37.062;205,1;0.560;3;Push;False
22;22 - ANDRE MORAES JR - Stock Car Pro Rookie;13:52:47.951;10,0;1:23.954;83,954;142,792;0,0;25.906;0,0;20.833;0,0;37.215;205,1;0.560;3;Push;False
24;24 - FELIPE BARTZ - Stock Car Pro Rookie;13:39:02.038;1,0;1:33.928;93,928;127,63;;;0,0;22.282;0,0;38.230;;;1;Push;False
24;24 - FELIPE BARTZ - Stock Car Pro Rookie;13:45:22.650;2,0;6:20.612;380,612;31,497;0,0;27.200;0,0;23.479;;;206,9;0.555;1;In-Lap/Garage;True
24;24 - FELIPE BARTZ - Stock Car Pro Rookie;13:46:52.543;3,0;1:29.893;89,893;133,359;;;0,0;21.025;0,0;37.559;;;2;Out-Lap;True
24;24 - FELIPE BARTZ - Stock Car Pro Rookie;13:48:21.158;4,0;1:28.615;88,615;135,282;0,0;30.058;0,0;21.164;0,0;37.393;205,4;0.559;2;Push;True
24;24 - FELIPE BARTZ - Stock Car Pro Rookie;13:49:45.177;5,0;1:24.019;84,019;142,682;0,0;26.054;0,0;20.915;0,0;37.050;208,4;0.551;2;Push;False
24;24 - FELIPE BARTZ - Stock Car Pro Rookie;13:51:09.591;6,0;1:24.414;84,414;142,014;0,0;26.064;0,0;20.926;0,0;37.424;208,0;0.552;2;Push;False
24;24 - FELIPE BARTZ - Stock Car Pro Rookie;14:00:17.056;7,0;9:07.465;547,465;21,897;0,0;25.960;0,0;20.891;;;207,7;0.553;2;In-Lap/Garage;True
24;24 - FELIPE BARTZ - Stock Car Pro Rookie;14:01:51.293;8,0;1:34.237;94,237;127,211;;;0,0;22.237;0,0;38.217;;;3;Out-Lap;True
24;24 - FELIPE BARTZ - Stock Car Pro Rookie;14:03:36.456;9,0;1:45.163;105,163;113,994;0,0;26.659;0,0;21.030;0,0;57.474;204,0;0.563;3;Push;True
24;24 - FELIPE BARTZ - Stock Car Pro Rookie;14:05:01.497;10,0;1:25.041;85,041;140,967;0,0;26.407;0,0;20.919;0,0;37.715;205,4;0.559;3;Push;False
24;24 - FELIPE BARTZ - Stock Car Pro Rookie;14:06:25.625;11,0;1:24.128;84,128;142,497;0,0;25.977;0,0;20.880;0,0;37.271;205,4;0.559;3;Push;False
27;27 - RENAN GUERRA - Stock Car Pro;13:01:58.311;1,0;1:46.019;106,019;113,074;;;0,0;27.276;0,0;41.647;;;1;Push;True
27;27 - RENAN GUERRA - Stock Car Pro;13:03:28.261;2,0;1:29.950;89,95;133,274;0,0;29.394;0,0;22.447;0,0;38.109;171,1;0.671;1;Push;True
27;27 - RENAN GUERRA - Stock Car Pro;13:04:51.898;3,0;1:23.637;83,637;143,334;0,0;26.189;0,0;20.775;0,0;36.673;205,1;0.560;1;Push;False
27;27 - RENAN GUERRA - Stock Car Pro;13:06:15.335;4,0;1:23.437;83,437;143,677;0,0;25.794;0,0;20.735;0,0;36.908;205,8;0.558;1;Push;False
27;27 - RENAN GUERRA - Stock Car Pro;13:07:38.631;5,0;1:23.296;83,296;143,92;0,0;26.004;0,0;20.675;0,0;36.617;205,1;0.560;1;Push;False
27;27 - RENAN GUERRA - Stock Car Pro;13:09:01.972;6,0;1:23.341;83,341;143,843;0,0;25.784;0,0;20.693;0,0;36.864;206,2;0.557;1;Push;False
27;27 - RENAN GUERRA - Stock Car Pro;13:10:25.123;7,0;1:23.151;83,151;144,171;0,0;25.871;0,0;20.607;0,0;36.673;206,9;0.555;1;Push;False
27;27 - RENAN GUERRA - Stock Car Pro;13:18:11.273;8,0;7:46.150;466,15;25,717;0,0;25.855;0,0;21.337;;;206,9;0.555;1;In-Lap/Garage;True
27;27 - RENAN GUERRA - Stock Car Pro;13:19:49.702;9,0;1:38.429;98,429;121,793;;;0,0;23.516;0,0;39.318;;;2;Out-Lap;True
27;27 - RENAN GUERRA - Stock Car Pro;13:21:17.256;10,0;1:27.554;87,554;136,921;0,0;27.667;0,0;21.784;0,0;38.103;199,7;0.575;2;Push;True
27;27 - RENAN GUERRA - Stock Car Pro;13:22:42.989;11,0;1:25.733;85,733;139,829;0,0;27.578;0,0;21.509;0,0;36.646;185,2;0.620;2;Push;False
27;27 - RENAN GUERRA - Stock Car Pro;13:24:05.332;12,0;1:22.343;82,343;145,586;0,0;25.506;0,0;20.531;0,0;36.306;206,5;0.556;2;Push;False
27;27 - RENAN GUERRA - Stock Car Pro;13:25:27.817;13,0;1:22.485;82,485;145,336;0,0;25.580;0,0;20.453;0,0;36.452;206,2;0.557;2;Push;False
29;29 - DANIEL SERRA - Stock Car Pro;13:02:05.093;1,0;1:41.099;101,099;118,577;;;0,0;24.159;0,0;40.843;;;1;Push;True
29;29 - DANIEL SERRA - Stock Car Pro;13:03:37.321;2,0;1:32.228;92,228;129,982;0,0;30.320;0,0;22.354;0,0;39.554;142,7;0.805;1;Push;True
29;29 - DANIEL SERRA - Stock Car Pro;13:05:00.421;3,0;1:23.100;83,1;144,26;0,0;25.689;0,0;20.814;0,0;36.597;208,4;0.551;1;Push;False
29;29 - DANIEL SERRA - Stock Car Pro;13:06:23.094;4,0;1:22.673;82,673;145,005;0,0;25.555;0,0;20.600;0,0;36.518;208,4;0.551;1;Push;False
29;29 - DANIEL SERRA - Stock Car Pro;13:07:45.763;5,0;1:22.669;82,669;145,012;0,0;25.541;0,0;20.536;0,0;36.592;208,8;0.550;1;Push;False
29;29 - DANIEL SERRA - Stock Car Pro;13:13:52.447;6,0;6:06.684;366,684;32,693;0,0;25.512;0,0;20.652;;;208,8;0.550;1;In-Lap/Garage;True
29;29 - DANIEL SERRA - Stock Car Pro;13:15:22.110;7,0;1:29.663;89,663;133,701;;;0,0;20.732;0,0;37.050;;;2;Out-Lap;True
29;29 - DANIEL SERRA - Stock Car Pro;13:16:44.669;8,0;1:22.559;82,559;145,205;0,0;25.511;0,0;20.484;0,0;36.564;209,2;0.549;2;Push;False
29;29 - DANIEL SERRA - Stock Car Pro;13:18:10.647;9,0;1:25.978;85,978;139,431;0,0;25.559;0,0;20.606;0,0;39.813;209,2;0.549;2;Push;False
29;29 - DANIEL SERRA - Stock Car Pro;13:22:33.641;10,0;4:22.994;262,994;45,583;0,0;25.532;0,0;20.570;;;208,8;0.550;2;In-Lap/Garage;True
29;29 - DANIEL SERRA - Stock Car Pro;13:24:10.968;11,0;1:37.327;97,327;123,172;;;0,0;24.941;0,0;38.817;;;3;Out-Lap;True
29;29 - DANIEL SERRA - Stock Car Pro;13:25:36.403;12,0;1:25.435;85,435;140,317;0,0;27.477;0,0;20.964;0,0;36.994;173,0;0.664;3;Push;True
29;29 - DANIEL SERRA - Stock Car Pro;13:26:57.976;13,0;1:21.573;81,573;146,96;0,0;25.302;0,0;20.177;0,0;36.094;208,4;0.551;3;Push;False
29;29 - DANIEL SERRA - Stock Car Pro;13:28:19.370;14,0;1:21.394;81,394;147,284;0,0;25.229;0,0;20.161;0,0;36.004;209,6;0.548;3;Push;False
293;293 - LEONARDO REIS - Stock Car Pro Rookie;13:01:51.909;1,0;1:37.494;97,494;122,961;;;0,0;23.195;0,0;38.429;;;1;Push;True
293;293 - LEONARDO REIS - Stock Car Pro Rookie;13:03:19.860;2,0;1:27.951;87,951;136,303;0,0;29.216;0,0;21.326;0,0;37.409;136,9;0.839;1;Push;True
293;293 - LEONARDO REIS - Stock Car Pro Rookie;13:04:43.315;3,0;1:23.455;83,455;143,646;0,0;25.855;0,0;20.636;0,0;36.964;207,3;0.554;1;Push;False
293;293 - LEONARDO REIS - Stock Car Pro Rookie;13:06:06.651;4,0;1:23.336;83,336;143,851;0,0;25.862;0,0;20.640;0,0;36.834;206,9;0.555;1;Push;False
293;293 - LEONARDO REIS - Stock Car Pro Rookie;13:07:29.923;5,0;1:23.272;83,272;143,962;0,0;25.834;0,0;20.550;0,0;36.888;206,9;0.555;1;Push;False
293;293 - LEONARDO REIS - Stock Car Pro Rookie;13:11:43.026;6,0;4:13.103;253,103;47,364;0,0;25.875;0,0;21.599;;;207,7;0.553;1;In-Lap/Garage;True
293;293 - LEONARDO REIS - Stock Car Pro Rookie;13:13:12.803;7,0;1:29.777;89,777;133,531;;;0,0;21.400;0,0;37.252;;;2;Out-Lap;True
293;293 - LEONARDO REIS - Stock Car Pro Rookie;13:14:36.173;8,0;1:23.370;83,37;143,793;0,0;25.982;0,0;20.565;0,0;36.823;207,3;0.554;2;Push;False
293;293 - LEONARDO REIS - Stock Car Pro Rookie;13:15:59.349;9,0;1:23.176;83,176;144,128;0,0;25.796;0,0;20.598;0,0;36.782;207,7;0.553;2;Push;False
293;293 - LEONARDO REIS - Stock Car Pro Rookie;13:19:03.280;10,0;3:03.931;183,931;65,177;0,0;25.802;0,0;20.740;;;207,7;0.553;2;In-Lap/Garage;True
293;293 - LEONARDO REIS - Stock Car Pro Rookie;13:20:35.010;11,0;1:31.730;91,73;130,688;;;0,0;21.928;0,0;37.414;;;3;Out-Lap;True
293;293 - LEONARDO REIS - Stock Car Pro Rookie;13:23:19.045;12,0;2:44.035;164,035;73,082;0,0;25.828;0,0;20.999;;;208,0;0.552;3;In-Lap/Garage;True
293;293 - LEONARDO REIS - Stock Car Pro Rookie;13:24:48.703;13,0;1:29.658;89,658;133,708;;;0,0;21.222;0,0;37.316;;;4;Out-Lap;True
293;293 - LEONARDO REIS - Stock Car Pro Rookie;13:26:15.986;14,0;1:27.283;87,283;137,346;0,0;26.275;0,0;20.692;0,0;40.316;202,2;0.568;4;Push;False
293;293 - LEONARDO REIS - Stock Car Pro Rookie;13:27:37.725;15,0;1:21.739;81,739;146,662;0,0;25.351;0,0;20.160;0,0;36.228;209,2;0.549;4;Push;False
30;30 - CESAR RAMOS - Stock Car Pro;13:37:00.177;1,0;1:35.529;95,529;125,491;;;0,0;22.688;0,0;38.834;;;1;Push;True
30;30 - CESAR RAMOS - Stock Car Pro;13:38:25.761;2,0;1:25.584;85,584;140,073;0,0;26.996;0,0;21.264;0,0;37.324;189,2;0.607;1;Push;False
30;30 - CESAR RAMOS - Stock Car Pro;13:39:58.553;3,0;1:32.792;92,792;129,192;0,0;29.090;0,0;25.033;0,0;38.669;205,1;0.560;1;Push;True
30;30 - CESAR RAMOS - Stock Car Pro;13:41:22.005;4,0;1:23.452;83,452;143,651;0,0;25.971;0,0;20.711;0,0;36.770;205,4;0.559;1;Push;False
30;30 - CESAR RAMOS - Stock Car Pro;13:46:45.787;5,0;5:23.782;323,782;37,025;0,0;25.858;0,0;20.589;;;206,5;0.556;1;In-Lap/Garage;True
30;30 - CESAR RAMOS - Stock Car Pro;13:48:17.171;6,0;1:31.384;91,384;131,183;;;0,0;21.698;0,0;38.099;;;2;Out-Lap;True
30;30 - CESAR RAMOS - Stock Car Pro;13:49:41.575;7,0;1:24.404;84,404;142,031;0,0;26.366;0,0;20.726;0,0;37.312;200,1;0.574;2;Push;False
30;30 - CESAR RAMOS - Stock Car Pro;13:51:04.921;8,0;1:23.346;83,346;143,834;0,0;25.931;0,0;20.716;0,0;36.699;204,0;0.563;2;Push;False
30;30 - CESAR RAMOS - Stock Car Pro;13:52:28.345;9,0;1:23.424;83,424;143,7;0,0;26.143;0,0;20.587;0,0;36.694;203,6;0.564;2;Push;False
30;30 - CESAR RAMOS - Stock Car Pro;13:53:51.780;10,0;1:23.435;83,435;143,681;0,0;26.001;0,0;20.611;0,0;36.823;205,4;0.559;2;Push;False
30;30 - CESAR RAMOS - Stock Car Pro;13:58:03.961;11,0;4:12.181;252,181;47,537;0,0;27.958;0,0;23.312;;;205,1;0.560;2;In-Lap/Garage;True
30;30 - CESAR RAMOS - Stock Car Pro;13:59:40.887;12,0;1:36.926;96,926;123,682;;;0,0;22.918;0,0;40.277;;;3;Out-Lap;True
30;30 - CESAR RAMOS - Stock Car Pro;14:01:04.923;13,0;1:24.036;84,036;142,653;0,0;26.807;0,0;20.882;0,0;36.347;185,5;0.619;3;Push;False
30;30 - CESAR RAMOS - Stock Car Pro;14:02:27.109;14,0;1:22.186;82,186;145,864;0,0;25.496;0,0;20.324;0,0;36.366;205,8;0.558;3;Push;False
30;30 - CESAR RAMOS - Stock Car Pro;14:03:49.027;15,0;1:21.918;81,918;146,341;0,0;25.423;0,0;20.135;0,0;36.360;204,7;0.561;3;Push;False
301;301 - RAFAEL REIS - Stock Car Pro;13:37:02.543;1,0;1:36.536;96,536;124,182;;;0,0;23.031;0,0;39.947;;;1;Push;True
301;301 - RAFAEL REIS - Stock Car Pro;13:38:28.298;2,0;1:25.755;85,755;139,794;0,0;26.089;0,0;21.646;0,0;38.020;203,3;0.565;1;Push;False
301;301 - RAFAEL REIS - Stock Car Pro;13:39:52.984;3,0;1:24.686;84,686;141,558;0,0;26.846;0,0;20.770;0,0;37.070;205,4;0.559;1;Push;False
301;301 - RAFAEL REIS - Stock Car Pro;13:41:16.708;4,0;1:23.724;83,724;143,185;0,0;26.055;0,0;20.682;0,0;36.987;205,4;0.559;1;Push;False
301;301 - RAFAEL REIS - Stock Car Pro;13:42:40.082;5,0;1:23.374;83,374;143,786;0,0;25.725;0,0;20.650;0,0;36.999;206,2;0.557;1;Push;False
301;301 - RAFAEL REIS - Stock Car Pro;13:45:15.674;6,0;2:35.592;155,592;77,048;0,0;25.906;0,0;20.753;;;205,4;0.559;1;In-Lap/Garage;True
301;301 - RAFAEL REIS - Stock Car Pro;13:46:46.199;7,0;1:30.525;90,525;132,428;;;0,0;22.189;0,0;37.367;;;2;Out-Lap;True
301;301 - RAFAEL REIS - Stock Car Pro;13:48:09.496;8,0;1:23.297;83,297;143,919;0,0;25.865;0,0;20.583;0,0;36.849;204,0;0.563;2;Push;False
301;301 - RAFAEL REIS - Stock Car Pro;13:49:32.474;9,0;1:22.978;82,978;144,472;0,0;25.752;0,0;20.490;0,0;36.736;205,4;0.559;2;Push;False
301;301 - RAFAEL REIS - Stock Car Pro;13:50:55.121;10,0;1:22.647;82,647;145,051;0,0;25.620;0,0;20.457;0,0;36.570;205,4;0.559;2;Push;False
301;301 - RAFAEL REIS - Stock Car Pro;13:53:38.343;11,0;2:43.222;163,222;73,446;0,0;25.645;0,0;20.411;;;205,8;0.558;2;In-Lap/Garage;True
301;301 - RAFAEL REIS - Stock Car Pro;13:55:05.627;12,0;1:27.284;87,284;137,345;;;0,0;20.503;0,0;38.113;;;3;Out-Lap;True
301;301 - RAFAEL REIS - Stock Car Pro;13:57:40.112;13,0;2:34.485;154,485;77,6;0,0;25.624;0,0;20.352;;;205,8;0.558;3;In-Lap/Garage;True
301;301 - RAFAEL REIS - Stock Car Pro;13:59:10.226;14,0;1:30.114;90,114;133,031;;;0,0;21.219;0,0;37.248;;;4;Out-Lap;True
301;301 - RAFAEL REIS - Stock Car Pro;14:00:32.179;15,0;1:21.953;81,953;146,279;0,0;25.409;0,0;20.290;0,0;36.254;206,9;0.555;4;Push;False
301;301 - RAFAEL REIS - Stock Car Pro;14:01:53.929;16,0;1:21.750;81,75;146,642;0,0;25.394;0,0;20.134;0,0;36.222;206,5;0.556;4;Push;False
33;33 - NELSON PIQUET JR - Stock Car Pro;13:37:13.452;1,0;1:39.524;99,524;120,453;;;0,0;23.343;0,0;39.129;;;1;Push;True
33;33 - NELSON PIQUET JR - Stock Car Pro;13:38:39.613;2,0;1:26.161;86,161;139,135;0,0;27.858;0,0;21.049;0,0;37.254;201,5;0.570;1;Push;False
33;33 - NELSON PIQUET JR - Stock Car Pro;13:40:02.758;3,0;1:23.145;83,145;144,182;0,0;25.937;0,0;20.599;0,0;36.609;208,0;0.552;1;Push;False
33;33 - NELSON PIQUET JR - Stock Car Pro;13:41:25.572;4,0;1:22.814;82,814;144,758;0,0;25.699;0,0;20.594;0,0;36.521;208,4;0.551;1;Push;False
33;33 - NELSON PIQUET JR - Stock Car Pro;13:42:48.218;5,0;1:22.646;82,646;145,052;0,0;25.556;0,0;20.538;0,0;36.552;210,3;0.546;1;Push;False
33;33 - NELSON PIQUET JR - Stock Car Pro;13:46:16.819;6,0;3:28.601;208,601;57,469;0,0;25.592;0,0;20.429;;;209,2;0.549;1;In-Lap/Garage;True
33;33 - NELSON PIQUET JR - Stock Car Pro;13:47:50.764;7,0;1:33.945;93,945;127,607;;;0,0;22.173;0,0;38.246;;;2;Out-Lap;True
33;33 - NELSON PIQUET JR - Stock Car Pro;13:49:15.633;8,0;1:24.869;84,869;141,253;0,0;26.410;0,0;21.045;0,0;37.414;204,3;0.562;2;Push;False
33;33 - NELSON PIQUET JR - Stock Car Pro;13:50:37.808;9,0;1:22.175;82,175;145,884;0,0;25.502;0,0;20.362;0,0;36.311;208,4;0.551;2;Push;False
33;33 - NELSON PIQUET JR - Stock Car Pro;13:52:04.474;10,0;1:26.666;86,666;138,324;0,0;25.522;0,0;20.396;0,0;40.748;209,2;0.549;2;Push;True
33;33 - NELSON PIQUET JR - Stock Car Pro;13:53:26.739;11,0;1:22.265;82,265;145,724;0,0;25.484;0,0;20.321;0,0;36.460;208,8;0.550;2;Push;False
33;33 - NELSON PIQUET JR - Stock Car Pro;13:54:49.044;12,0;1:22.305;82,305;145,653;0,0;25.526;0,0;20.310;0,0;36.469;208,8;0.550;2;Push;False
33;33 - NELSON PIQUET JR - Stock Car Pro;13:58:11.408;13,0;3:22.364;202,364;59,24;0,0;25.464;0,0;20.290;;;208,8;0.550;2;In-Lap/Garage;True
33;33 - NELSON PIQUET JR - Stock Car Pro;13:59:47.617;14,0;1:36.209;96,209;124,604;;;0,0;21.877;0,0;40.325;;;3;Out-Lap;True
33;33 - NELSON PIQUET JR - Stock Car Pro;14:01:14.446;15,0;1:26.829;86,829;138,064;0,0;26.903;0,0;21.129;0,0;38.797;200,4;0.573;3;Push;False
33;33 - NELSON PIQUET JR - Stock Car Pro;14:02:35.463;16,0;1:21.017;81,017;147,969;0,0;25.039;0,0;20.039;0,0;35.939;210,3;0.546;3;Push;False
38;38 - ZEZINHO MUGGIATI - Stock Car Pro;13:02:11.443;1,0;1:33.268;93,268;128,533;;;0,0;22.096;0,0;38.289;;;1;Push;True
38;38 - ZEZINHO MUGGIATI - Stock Car Pro;13:03:41.212;2,0;1:29.769;89,769;133,543;0,0;27.421;0,0;21.051;0,0;41.297;203,3;0.565;1;Push;True
38;38 - ZEZINHO MUGGIATI - Stock Car Pro;13:05:04.542;3,0;1:23.330;83,33;143,862;0,0;26.059;0,0;20.578;0,0;36.693;207,7;0.553;1;Push;False
38;38 - ZEZINHO MUGGIATI - Stock Car Pro;13:06:27.230;4,0;1:22.688;82,688;144,979;0,0;25.695;0,0;20.511;0,0;36.482;208,0;0.552;1;Push;False
38;38 - ZEZINHO MUGGIATI - Stock Car Pro;13:07:49.848;5,0;1:22.618;82,618;145,102;0,0;25.535;0,0;20.523;0,0;36.560;208,0;0.552;1;Push;False
38;38 - ZEZINHO MUGGIATI - Stock Car Pro;13:09:12.398;6,0;1:22.550;82,55;145,221;0,0;25.460;0,0;20.617;0,0;36.473;208,4;0.551;1;Push;False
38;38 - ZEZINHO MUGGIATI - Stock Car Pro;13:14:44.187;7,0;5:31.789;331,789;36,131;0,0;25.687;0,0;20.626;;;208,0;0.552;1;In-Lap/Garage;True
38;38 - ZEZINHO MUGGIATI - Stock Car Pro;13:16:11.400;8,0;1:27.213;87,213;137,457;;;0,0;20.637;0,0;36.786;;;2;Out-Lap;True
38;38 - ZEZINHO MUGGIATI - Stock Car Pro;13:17:37.148;9,0;1:25.748;85,748;139,805;0,0;25.730;0,0;20.588;0,0;39.430;208,4;0.551;2;Push;False
38;38 - ZEZINHO MUGGIATI - Stock Car Pro;13:22:06.653;10,0;4:29.505;269,505;44,482;0,0;25.686;0,0;20.589;;;207,3;0.554;2;In-Lap/Garage;True
38;38 - ZEZINHO MUGGIATI - Stock Car Pro;13:23:37.459;11,0;1:30.806;90,806;132,018;;;0,0;21.501;0,0;37.288;;;3;Out-Lap;True
38;38 - ZEZINHO MUGGIATI - Stock Car Pro;13:25:02.240;12,0;1:24.781;84,781;141,4;0,0;26.701;0,0;20.871;0,0;37.209;201,8;0.569;3;Push;False
38;38 - ZEZINHO MUGGIATI - Stock Car Pro;13:26:23.543;13,0;1:21.303;81,303;147,448;0,0;25.196;0,0;20.160;0,0;35.947;208,4;0.551;3;Push;False
4;4 - JULIO CAMPOS - Stock Car Pro;13:37:20.730;1,0;1:36.265;96,265;124,531;;;0,0;22.558;0,0;40.150;;;1;Push;True
4;4 - JULIO CAMPOS - Stock Car Pro;13:38:57.406;2,0;1:36.676;96,676;124,002;0,0;29.365;0,0;24.911;0,0;42.400;145,7;0.788;1;Push;True
4;4 - JULIO CAMPOS - Stock Car Pro;13:40:24.134;3,0;1:26.728;86,728;138,225;0,0;25.848;0,0;20.901;0,0;39.979;208,8;0.550;1;Push;False
4;4 - JULIO CAMPOS - Stock Car Pro;13:41:46.689;4,0;1:22.555;82,555;145,212;0,0;25.486;0,0;20.500;0,0;36.569;209,2;0.549;1;Push;False
4;4 - JULIO CAMPOS - Stock Car Pro;13:43:09.224;5,0;1:22.535;82,535;145,247;0,0;25.473;0,0;20.531;0,0;36.531;208,4;0.551;1;Push;False
4;4 - JULIO CAMPOS - Stock Car Pro;13:51:28.049;6,0;8:18.825;498,825;24,032;0,0;26.939;0,0;23.520;;;209,2;0.549;1;In-Lap/Garage;True
4;4 - JULIO CAMPOS - Stock Car Pro;13:53:05.914;7,0;1:37.865;97,865;122,495;;;0,0;22.748;0,0;37.388;;;2;Out-Lap;True
4;4 - JULIO CAMPOS - Stock Car Pro;13:54:28.419;8,0;1:22.505;82,505;145,3;0,0;25.516;0,0;20.533;0,0;36.456;208,0;0.552;2;Push;False
4;4 - JULIO CAMPOS - Stock Car Pro;13:57:55.424;9,0;3:27.005;207,005;57,912;0,0;25.449;0,0;20.526;;;209,2;0.549;2;In-Lap/Garage;True
4;4 - JULIO CAMPOS - Stock Car Pro;13:59:29.802;10,0;1:34.378;94,378;127,021;;;0,0;22.475;0,0;38.245;;;3;Out-Lap;True
4;4 - JULIO CAMPOS - Stock Car Pro;14:00:56.329;11,0;1:26.527;86,527;138,546;0,0;27.335;0,0;21.514;0,0;37.678;205,4;0.559;3;Push;True
4;4 - JULIO CAMPOS - Stock Car Pro;14:02:17.829;12,0;1:21.500;81,5;147,092;0,0;25.241;0,0;20.177;0,0;36.082;209,2;0.549;3;Push;False
4;4 - JULIO CAMPOS - Stock Car Pro;14:03:38.852;13,0;1:21.023;81,023;147,958;0,0;25.003;0,0;20.089;0,0;35.931;209,9;0.547;3;Push;False
444;444 - VICENTE ORIGE - Stock Car Pro;13:36:54.406;1,0;1:36.366;96,366;124,401;;;0,0;22.332;0,0;38.742;;;1;Push;True
444;444 - VICENTE ORIGE - Stock Car Pro;13:38:20.898;2,0;1:26.492;86,492;138,602;0,0;26.764;0,0;21.095;0,0;38.633;202,9;0.566;1;Push;False
444;444 - VICENTE ORIGE - Stock Car Pro;13:39:45.140;3,0;1:24.242;84,242;142,304;0,0;26.253;0,0;20.847;0,0;37.142;207,3;0.554;1;Push;False
444;444 - VICENTE ORIGE - Stock Car Pro;13:41:08.521;4,0;1:23.381;83,381;143,774;0,0;25.851;0,0;20.499;0,0;37.031;207,3;0.554;1;Push;False
444;444 - VICENTE ORIGE - Stock Car Pro;13:45:24.398;5,0;4:15.877;255,877;46,851;0,0;25.942;0,0;27.327;;;207,3;0.554;1;In-Lap/Garage;True
444;444 - VICENTE ORIGE - Stock Car Pro;13:46:55.069;6,0;1:30.671;90,671;132,214;;;0,0;20.890;0,0;39.611;;;2;Out-Lap;True
444;444 - VICENTE ORIGE - Stock Car Pro;13:48:20.220;7,0;1:25.151;85,151;140,785;0,0;26.636;0,0;20.677;0,0;37.838;207,7;0.553;2;Push;False
444;444 - VICENTE ORIGE - Stock Car Pro;13:49:43.794;8,0;1:23.574;83,574;143,442;0,0;26.011;0,0;20.618;0,0;36.945;206,9;0.555;2;Push;False
444;444 - VICENTE ORIGE - Stock Car Pro;13:51:07.446;9,0;1:23.652;83,652;143,308;0,0;25.943;0,0;20.475;0,0;37.234;206,5;0.556;2;Push;False
444;444 - VICENTE ORIGE - Stock Car Pro;13:52:30.882;10,0;1:23.436;83,436;143,679;0,0;25.946;0,0;20.449;0,0;37.041;207,7;0.553;2;Push;False
444;444 - VICENTE ORIGE - Stock Car Pro;13:53:54.504;11,0;1:23.622;83,622;143,359;0,0;25.867;0,0;20.498;0,0;37.257;207,3;0.554;2;Push;False
444;444 - VICENTE ORIGE - Stock Car Pro;13:57:17.435;12,0;3:22.931;202,931;59,074;0,0;25.946;0,0;21.386;;;206,2;0.557;2;In-Lap/Garage;True
444;444 - VICENTE ORIGE - Stock Car Pro;13:58:47.768;13,0;1:30.333;90,333;132,709;;;0,0;21.640;0,0;37.867;;;3;Out-Lap;True
444;444 - VICENTE ORIGE - Stock Car Pro;14:00:11.932;14,0;1:24.164;84,164;142,436;0,0;26.117;0,0;20.861;0,0;37.186;204,3;0.562;3;Push;False
444;444 - VICENTE ORIGE - Stock Car Pro;14:01:34.402;15,0;1:22.470;82,47;145,362;0,0;25.321;0,0;20.269;0,0;36.880;206,9;0.555;3;Push;False
444;444 - VICENTE ORIGE - Stock Car Pro;14:02:55.874;16,0;1:21.472;81,472;147,143;0,0;25.227;0,0;20.045;0,0;36.200;208,0;0.552;3;Push;False
444;444 - VICENTE ORIGE - Stock Car Pro;14:04:17.410;17,0;1:21.536;81,536;147,027;0,0;25.421;0,0;20.020;0,0;36.095;207,7;0.553;3;Push;False
444;444 - VICENTE ORIGE - Stock Car Pro;14:05:39.058;18,0;1:21.648;81,648;146,825;0,0;25.458;0,0;20.001;0,0;36.189;208,0;0.552;3;Push;False
51;51 - ATILA ABREU - Stock Car Pro;13:02:27.583;1,0;1:38.438;98,438;121,782;;;0,0;24.184;0,0;38.892;;;1;Push;True
51;51 - ATILA ABREU - Stock Car Pro;13:03:55.256;2,0;1:27.673;87,673;136,735;0,0;27.767;0,0;22.029;0,0;37.877;190,1;0.604;1;Push;False
51;51 - ATILA ABREU - Stock Car Pro;13:05:18.909;3,0;1:23.653;83,653;143,306;0,0;25.863;0,0;20.895;0,0;36.895;208,4;0.551;1;Push;False
51;51 - ATILA ABREU - Stock Car Pro;13:06:42.142;4,0;1:23.233;83,233;144,029;0,0;25.754;0,0;20.825;0,0;36.654;209,2;0.549;1;Push;False
51;51 - ATILA ABREU - Stock Car Pro;13:09:51.225;5,0;3:09.083;189,083;63,401;0,0;25.705;0,0;22.385;;;209,6;0.548;1;In-Lap/Garage;True
51;51 - ATILA ABREU - Stock Car Pro;13:11:21.086;6,0;1:29.861;89,861;133,406;;;0,0;21.377;0,0;37.154;;;2;Out-Lap;True
51;51 - ATILA ABREU - Stock Car Pro;13:12:44.345;7,0;1:23.259;83,259;143,984;0,0;25.654;0,0;20.795;0,0;36.810;207,7;0.553;2;Push;False
51;51 - ATILA ABREU - Stock Car Pro;13:14:07.538;8,0;1:23.193;83,193;144,099;0,0;25.689;0,0;20.748;0,0;36.756;208,4;0.551;2;Push;False
51;51 - ATILA ABREU - Stock Car Pro;13:17:09.168;9,0;3:01.630;181,63;66,002;0,0;26.248;0,0;22.131;;;209,2;0.549;2;In-Lap/Garage;True
51;51 - ATILA ABREU - Stock Car Pro;13:18:41.165;10,0;1:31.997;91,997;130,309;;;0,0;21.553;0,0;37.358;;;3;Out-Lap;True
51;51 - ATILA ABREU - Stock Car Pro;13:22:26.544;11,0;3:45.379;225,379;53,19;0,0;25.643;0,0;20.848;;;208,8;0.550;3;In-Lap/Garage;True
51;51 - ATILA ABREU - Stock Car Pro;13:23:58.875;12,0;1:32.331;92,331;129,837;;;0,0;22.383;0,0;37.958;;;4;Out-Lap;True
51;51 - ATILA ABREU - Stock Car Pro;13:25:23.904;13,0;1:25.029;85,029;140,987;0,0;26.790;0,0;21.556;0,0;36.683;192,4;0.597;4;Push;False
51;51 - ATILA ABREU - Stock Car Pro;13:26:46.046;14,0;1:22.142;82,142;145,942;0,0;25.447;0,0;20.539;0,0;36.156;209,9;0.547;4;Push;False
6;6 - HELIO CASTRONEVES - Stock Car Pro;13:02:15.935;1,0;1:42.194;102,194;117,306;;;0,0;25.589;0,0;41.703;;;1;Push;True
6;6 - HELIO CASTRONEVES - Stock Car Pro;13:03:47.443;2,0;1:31.508;91,508;131,005;0,0;27.133;0,0;21.070;0,0;43.305;192,4;0.597;1;Push;False
6;6 - HELIO CASTRONEVES - Stock Car Pro;13:10:30.235;3,0;6:42.792;402,792;29,762;0,0;26.156;0,0;21.854;;;204,3;0.562;1;In-Lap/Garage;True
6;6 - HELIO CASTRONEVES - Stock Car Pro;13:12:07.106;4,0;1:36.871;96,871;123,752;;;0,0;23.481;0,0;40.573;;;2;Out-Lap;True
6;6 - HELIO CASTRONEVES - Stock Car Pro;13:13:34.138;5,0;1:27.032;87,032;137,742;0,0;27.315;0,0;21.695;0,0;38.022;199,0;0.577;2;Push;True
6;6 - HELIO CASTRONEVES - Stock Car Pro;13:14:57.237;6,0;1:23.099;83,099;144,262;0,0;25.861;0,0;20.559;0,0;36.679;206,2;0.557;2;Push;False
6;6 - HELIO CASTRONEVES - Stock Car Pro;13:16:20.225;7,0;1:22.988;82,988;144,455;0,0;25.690;0,0;20.553;0,0;36.745;207,7;0.553;2;Push;False
6;6 - HELIO CASTRONEVES - Stock Car Pro;13:17:43.184;8,0;1:22.959;82,959;144,505;0,0;25.717;0,0;20.583;0,0;36.659;207,3;0.554;2;Push;False
6;6 - HELIO CASTRONEVES - Stock Car Pro;13:19:06.203;9,0;1:23.019;83,019;144,401;0,0;25.514;0,0;20.536;0,0;36.969;208,4;0.551;2;Push;False
6;6 - HELIO CASTRONEVES - Stock Car Pro;13:26:00.815;10,0;6:54.612;414,612;28,914;0,0;25.697;0,0;20.527;;;207,7;0.553;2;In-Lap/Garage;True
6;6 - HELIO CASTRONEVES - Stock Car Pro;13:27:42.255;11,0;1:41.440;101,44;118,178;;;0,0;24.520;0,0;41.656;;;3;Out-Lap;True
6;6 - HELIO CASTRONEVES - Stock Car Pro;13:29:10.472;12,0;1:28.217;88,217;135,892;0,0;29.858;0,0;21.438;0,0;36.921;144,8;0.793;3;Push;False
6;6 - HELIO CASTRONEVES - Stock Car Pro;13:30:32.731;13,0;1:22.259;82,259;145,735;0,0;25.564;0,0;20.325;0,0;36.370;205,4;0.559;3;Push;False
7;7 - SERGIO SETTE CAMARA - Stock Car Pro;13:37:18.739;1,0;1:36.445;96,445;124,299;;;0,0;22.199;0,0;42.157;;;1;Push;True
7;7 - SERGIO SETTE CAMARA - Stock Car Pro;13:38:46.450;2,0;1:27.711;87,711;136,676;0,0;25.834;0,0;24.271;0,0;37.606;205,4;0.559;1;Push;True
7;7 - SERGIO SETTE CAMARA - Stock Car Pro;13:40:09.263;3,0;1:22.813;82,813;144,76;0,0;25.581;0,0;20.581;0,0;36.651;206,5;0.556;1;Push;False
7;7 - SERGIO SETTE CAMARA - Stock Car Pro;13:41:37.787;4,0;1:28.524;88,524;135,421;0,0;25.776;0,0;21.138;0,0;41.610;206,9;0.555;1;Push;True
7;7 - SERGIO SETTE CAMARA - Stock Car Pro;13:43:00.744;5,0;1:22.957;82,957;144,509;0,0;25.556;0,0;20.713;0,0;36.688;207,3;0.554;1;Push;False
7;7 - SERGIO SETTE CAMARA - Stock Car Pro;13:44:23.715;6,0;1:22.971;82,971;144,484;0,0;25.702;0,0;20.506;0,0;36.763;207,3;0.554;1;Push;False
7;7 - SERGIO SETTE CAMARA - Stock Car Pro;13:45:46.630;7,0;1:22.915;82,915;144,582;0,0;25.643;0,0;20.575;0,0;36.697;207,3;0.554;1;Push;False
7;7 - SERGIO SETTE CAMARA - Stock Car Pro;13:51:44.548;8,0;5:57.918;357,918;33,494;0,0;25.694;0,0;20.600;;;206,5;0.556;1;In-Lap/Garage;True
7;7 - SERGIO SETTE CAMARA - Stock Car Pro;13:53:18.933;9,0;1:34.385;94,385;127,012;;;0,0;21.262;0,0;42.516;;;2;Out-Lap;True
7;7 - SERGIO SETTE CAMARA - Stock Car Pro;13:54:42.777;10,0;1:23.844;83,844;142,98;0,0;25.701;0,0;20.489;0,0;37.654;207,3;0.554;2;Push;False
7;7 - SERGIO SETTE CAMARA - Stock Car Pro;13:57:38.992;11,0;2:56.215;176,215;68,031;0,0;25.642;0,0;20.617;;;206,5;0.556;2;In-Lap/Garage;True
7;7 - SERGIO SETTE CAMARA - Stock Car Pro;13:59:12.710;12,0;1:33.718;93,718;127,916;;;0,0;21.658;0,0;38.686;;;3;Out-Lap;True
7;7 - SERGIO SETTE CAMARA - Stock Car Pro;14:00:41.546;13,0;1:28.836;88,836;134,945;0,0;26.578;0,0;20.829;0,0;41.429;188,9;0.608;3;Push;False
7;7 - SERGIO SETTE CAMARA - Stock Car Pro;14:02:12.150;14,0;1:30.604;90,604;132,312;0,0;25.966;0,0;20.818;0,0;43.820;207,7;0.553;3;Push;False
7;7 - SERGIO SETTE CAMARA - Stock Car Pro;14:03:33.292;15,0;1:21.142;81,142;147,741;0,0;25.068;0,0;20.077;0,0;35.997;208,0;0.552;3;Push;False
73;73 - ENZO ELIAS - Stock Car Pro;13:37:06.320;1,0;1:35.418;95,418;125,637;;;0,0;22.200;0,0;39.601;;;1;Push;True
73;73 - ENZO ELIAS - Stock Car Pro;13:38:30.282;2,0;1:23.962;83,962;142,779;0,0;26.187;0,0;20.853;0,0;36.922;203,6;0.564;1;Push;False
73;73 - ENZO ELIAS - Stock Car Pro;13:39:53.732;3,0;1:23.450;83,45;143,655;0,0;25.920;0,0;20.667;0,0;36.863;205,1;0.560;1;Push;False
73;73 - ENZO ELIAS - Stock Car Pro;13:41:19.771;4,0;1:26.039;86,039;139,332;0,0;26.652;0,0;22.240;0,0;37.147;205,4;0.559;1;Push;False
73;73 - ENZO ELIAS - Stock Car Pro;13:42:42.511;5,0;1:22.740;82,74;144,888;0,0;25.579;0,0;20.557;0,0;36.604;206,5;0.556;1;Push;False
73;73 - ENZO ELIAS - Stock Car Pro;13:44:05.333;6,0;1:22.822;82,822;144,744;0,0;25.579;0,0;20.537;0,0;36.706;206,2;0.557;1;Push;False
73;73 - ENZO ELIAS - Stock Car Pro;13:51:38.905;7,0;7:33.572;453,572;26,43;0,0;25.655;0,0;20.549;;;206,2;0.557;1;In-Lap/Garage;True
73;73 - ENZO ELIAS - Stock Car Pro;13:53:09.283;8,0;1:30.378;90,378;132,643;;;0,0;21.673;0,0;36.957;;;2;Out-Lap;True
73;73 - ENZO ELIAS - Stock Car Pro;13:54:32.296;9,0;1:23.013;83,013;144,411;0,0;25.606;0,0;20.660;0,0;36.747;205,8;0.558;2;Push;False
73;73 - ENZO ELIAS - Stock Car Pro;13:58:48.610;10,0;4:16.314;256,314;46,771;0,0;25.861;0,0;20.604;;;206,2;0.557;2;In-Lap/Garage;True
73;73 - ENZO ELIAS - Stock Car Pro;14:00:19.736;11,0;1:31.126;91,126;131,554;;;0,0;21.581;0,0;37.563;;;3;Out-Lap;True
73;73 - ENZO ELIAS - Stock Car Pro;14:01:43.590;12,0;1:23.854;83,854;142,963;0,0;26.195;0,0;20.756;0,0;36.903;204,7;0.561;3;Push;False
73;73 - ENZO ELIAS - Stock Car Pro;14:03:04.999;13,0;1:21.409;81,409;147,256;0,0;25.294;0,0;20.122;0,0;35.993;206,9;0.555;3;Push;False
73;73 - ENZO ELIAS - Stock Car Pro;14:04:26.780;14,0;1:21.781;81,781;146,587;0,0;25.250;0,0;20.275;0,0;36.256;206,9;0.555;3;Push;False
73;73 - ENZO ELIAS - Stock Car Pro;14:05:48.508;15,0;1:21.728;81,728;146,682;0,0;25.297;0,0;20.181;0,0;36.250;206,9;0.555;3;Push;False
8;8 - RAFAEL SUZUKI - Stock Car Pro;13:02:07.156;1,0;1:41.244;101,244;118,407;;;0,0;24.446;0,0;41.465;;;1;Push;True
8;8 - RAFAEL SUZUKI - Stock Car Pro;13:03:34.812;2,0;1:27.656;87,656;136,762;0,0;26.881;0,0;21.700;0,0;39.075;203,3;0.565;1;Push;False
8;8 - RAFAEL SUZUKI - Stock Car Pro;13:04:57.606;3,0;1:22.794;82,794;144,793;0,0;25.691;0,0;20.624;0,0;36.479;207,7;0.553;1;Push;False
8;8 - RAFAEL SUZUKI - Stock Car Pro;13:06:20.084;4,0;1:22.478;82,478;145,348;0,0;25.513;0,0;20.523;0,0;36.442;208,0;0.552;1;Push;False
8;8 - RAFAEL SUZUKI - Stock Car Pro;13:10:16.420;5,0;3:56.336;236,336;50,724;0,0;25.624;0,0;20.599;;;208,4;0.551;1;In-Lap/Garage;True
8;8 - RAFAEL SUZUKI - Stock Car Pro;13:11:52.952;6,0;1:36.532;96,532;124,187;;;0,0;22.767;0,0;41.210;;;2;Out-Lap;True
8;8 - RAFAEL SUZUKI - Stock Car Pro;13:13:15.470;7,0;1:22.518;82,518;145,277;0,0;25.546;0,0;20.527;0,0;36.445;207,3;0.554;2;Push;False
8;8 - RAFAEL SUZUKI - Stock Car Pro;13:14:38.154;8,0;1:22.684;82,684;144,986;0,0;25.507;0,0;20.634;0,0;36.543;208,8;0.550;2;Push;False
8;8 - RAFAEL SUZUKI - Stock Car Pro;13:19:30.863;9,0;4:52.709;292,709;40,955;0,0;25.664;0,0;20.548;;;208,8;0.550;2;In-Lap/Garage;True
8;8 - RAFAEL SUZUKI - Stock Car Pro;13:20:57.637;10,0;1:26.774;86,774;138,152;;;0,0;20.636;0,0;36.834;;;3;Out-Lap;True
8;8 - RAFAEL SUZUKI - Stock Car Pro;13:23:08.357;11,0;2:10.720;130,72;91,707;0,0;25.598;0,0;20.589;;;208,4;0.551;3;In-Lap/Garage;True
8;8 - RAFAEL SUZUKI - Stock Car Pro;13:24:39.718;12,0;1:31.361;91,361;131,216;;;0,0;21.809;0,0;38.138;;;4;Out-Lap;True
8;8 - RAFAEL SUZUKI - Stock Car Pro;13:26:03.744;13,0;1:24.026;84,026;142,67;0,0;26.022;0,0;20.858;0,0;37.146;206,9;0.555;4;Push;False
8;8 - RAFAEL SUZUKI - Stock Car Pro;13:27:25.387;14,0;1:21.643;81,643;146,834;0,0;25.254;0,0;20.215;0,0;36.174;208,4;0.551;4;Push;False
8;8 - RAFAEL SUZUKI - Stock Car Pro;13:28:46.904;15,0;1:21.517;81,517;147,061;0,0;25.234;0,0;20.156;0,0;36.127;208,8;0.550;4;Push;False
80;80 - ALFREDINHO IBIAPINA - Stock Car Pro Rookie;13:36:50.951;1,0;1:34.132;94,132;127,353;;;0,0;22.664;0,0;38.741;;;1;Push;True
80;80 - ALFREDINHO IBIAPINA - Stock Car Pro Rookie;13:38:16.999;2,0;1:26.048;86,048;139,318;0,0;26.841;0,0;21.599;0,0;37.608;200,1;0.574;1;Push;False
80;80 - ALFREDINHO IBIAPINA - Stock Car Pro Rookie;13:39:40.640;3,0;1:23.641;83,641;143,327;0,0;25.978;0,0;20.819;0,0;36.844;207,3;0.554;1;Push;False
80;80 - ALFREDINHO IBIAPINA - Stock Car Pro Rookie;13:41:04.275;4,0;1:23.635;83,635;143,337;0,0;26.044;0,0;20.690;0,0;36.901;206,9;0.555;1;Push;False
80;80 - ALFREDINHO IBIAPINA - Stock Car Pro Rookie;13:42:33.192;5,0;1:28.917;88,917;134,822;0,0;27.254;0,0;22.692;0,0;38.971;207,3;0.554;1;Push;False
80;80 - ALFREDINHO IBIAPINA - Stock Car Pro Rookie;13:43:56.374;6,0;1:23.182;83,182;144,118;0,0;25.812;0,0;20.622;0,0;36.748;207,7;0.553;1;Push;False
80;80 - ALFREDINHO IBIAPINA - Stock Car Pro Rookie;13:45:24.219;7,0;1:27.845;87,845;136,468;0,0;25.993;0,0;22.903;0,0;38.949;207,3;0.554;1;Push;False
80;80 - ALFREDINHO IBIAPINA - Stock Car Pro Rookie;13:52:02.179;8,0;6:37.960;397,96;30,124;0,0;26.061;0,0;21.448;;;207,7;0.553;1;In-Lap/Garage;True
80;80 - ALFREDINHO IBIAPINA - Stock Car Pro Rookie;13:53:36.620;9,0;1:34.441;94,441;126,936;;;0,0;22.121;0,0;37.546;;;2;Out-Lap;True
80;80 - ALFREDINHO IBIAPINA - Stock Car Pro Rookie;13:55:01.985;10,0;1:25.365;85,365;140,432;0,0;27.446;0,0;20.955;0,0;36.964;204,0;0.563;2;Push;False
80;80 - ALFREDINHO IBIAPINA - Stock Car Pro Rookie;13:56:23.950;11,0;1:21.965;81,965;146,258;0,0;25.433;0,0;20.344;0,0;36.188;208,0;0.552;2;Push;False
80;80 - ALFREDINHO IBIAPINA - Stock Car Pro Rookie;13:57:45.778;12,0;1:21.828;81,828;146,502;0,0;25.341;0,0;20.260;0,0;36.227;208,0;0.552;2;Push;False
80;80 - ALFREDINHO IBIAPINA - Stock Car Pro Rookie;13:59:24.122;13,0;1:38.344;98,344;121,899;0,0;29.942;0,0;27.148;0,0;41.254;208,8;0.550;2;Push;True
80;80 - ALFREDINHO IBIAPINA - Stock Car Pro Rookie;14:00:50.261;14,0;1:26.139;86,139;139,17;0,0;25.389;0,0;20.849;0,0;39.901;209,9;0.547;2;Push;False
81;81 - ARTHUR LEIST - Stock Car Pro;13:37:54.446;1,0;1:35.392;95,392;125,671;;;0,0;22.974;0,0;39.463;;;1;Push;True
81;81 - ARTHUR LEIST - Stock Car Pro;13:39:21.945;2,0;1:27.499;87,499;137,007;0,0;27.569;0,0;21.883;0,0;38.047;183,7;0.625;1;Push;True
81;81 - ARTHUR LEIST - Stock Car Pro;13:40:45.109;3,0;1:23.164;83,164;144,149;0,0;25.869;0,0;20.605;0,0;36.690;204,7;0.561;1;Push;False
81;81 - ARTHUR LEIST - Stock Car Pro;13:42:08.285;4,0;1:23.176;83,176;144,128;0,0;25.888;0,0;20.629;0,0;36.659;205,1;0.560;1;Push;False
81;81 - ARTHUR LEIST - Stock Car Pro;13:43:33.334;5,0;1:25.049;85,049;140,954;0,0;25.627;0,0;21.683;0,0;37.739;205,4;0.559;1;Push;False
81;81 - ARTHUR LEIST - Stock Car Pro;13:44:56.326;6,0;1:22.992;82,992;144,448;0,0;25.666;0,0;20.551;0,0;36.775;205,4;0.559;1;Push;False
81;81 - ARTHUR LEIST - Stock Car Pro;13:46:19.230;7,0;1:22.904;82,904;144,601;0,0;25.715;0,0;20.455;0,0;36.734;204,7;0.561;1;Push;False
81;81 - ARTHUR LEIST - Stock Car Pro;13:50:00.200;8,0;3:40.970;220,97;54,252;0,0;26.711;0,0;21.589;;;204,7;0.561;1;In-Lap/Garage;True
81;81 - ARTHUR LEIST - Stock Car Pro;13:51:30.243;9,0;1:30.043;90,043;133,136;;;0,0;20.827;0,0;37.367;;;2;Out-Lap;True
81;81 - ARTHUR LEIST - Stock Car Pro;13:52:53.544;10,0;1:23.301;83,301;143,912;0,0;25.781;0,0;20.601;0,0;36.919;205,1;0.560;2;Push;False
81;81 - ARTHUR LEIST - Stock Car Pro;13:57:32.803;11,0;4:39.259;279,259;42,928;0,0;25.813;0,0;20.823;;;205,4;0.559;2;In-Lap/Garage;True
81;81 - ARTHUR LEIST - Stock Car Pro;13:59:07.556;12,0;1:34.753;94,753;126,518;;;0,0;22.936;0,0;38.976;;;3;Out-Lap;True
81;81 - ARTHUR LEIST - Stock Car Pro;14:00:38.976;13,0;1:31.420;91,42;131,131;0,0;27.693;0,0;23.555;0,0;40.172;201,5;0.570;3;Push;True
81;81 - ARTHUR LEIST - Stock Car Pro;14:02:01.594;14,0;1:22.618;82,618;145,102;0,0;25.633;0,0;20.485;0,0;36.500;205,1;0.560;3;Push;False
81;81 - ARTHUR LEIST - Stock Car Pro;14:03:24.796;15,0;1:23.202;83,202;144,083;0,0;25.523;0,0;20.246;0,0;37.433;205,1;0.560;3;Push;False
81;81 - ARTHUR LEIST - Stock Car Pro;14:04:46.946;16,0;1:22.150;82,15;145,928;0,0;25.459;0,0;20.176;0,0;36.515;205,8;0.558;3;Push;False
83;83 - GABRIEL CASAGRANDE - Stock Car Pro;13:37:30.399;1,0;1:36.614;96,614;124,081;;;0,0;21.813;0,0;39.162;;;1;Push;True
83;83 - GABRIEL CASAGRANDE - Stock Car Pro;13:38:55.807;2,0;1:25.408;85,408;140,362;0,0;26.606;0,0;21.054;0,0;37.748;206,9;0.555;1;Push;False
83;83 - GABRIEL CASAGRANDE - Stock Car Pro;13:40:18.857;3,0;1:23.050;83,05;144,347;0,0;25.794;0,0;20.598;0,0;36.658;207,7;0.553;1;Push;False
83;83 - GABRIEL CASAGRANDE - Stock Car Pro;13:42:55.160;4,0;2:36.303;156,303;76,697;0,0;25.947;0,0;20.645;;;206,5;0.556;1;In-Lap/Garage;True
83;83 - GABRIEL CASAGRANDE - Stock Car Pro;13:44:30.811;5,0;1:35.651;95,651;125,331;;;0,0;21.756;0,0;37.850;;;2;Out-Lap;True
83;83 - GABRIEL CASAGRANDE - Stock Car Pro;13:45:55.417;6,0;1:24.606;84,606;141,692;0,0;26.619;0,0;20.975;0,0;37.012;205,8;0.558;2;Push;False
83;83 - GABRIEL CASAGRANDE - Stock Car Pro;13:47:19.499;7,0;1:24.082;84,082;142,575;0,0;26.172;0,0;21.043;0,0;36.867;206,2;0.557;2;Push;False
83;83 - GABRIEL CASAGRANDE - Stock Car Pro;13:48:42.327;8,0;1:22.828;82,828;144,734;0,0;25.684;0,0;20.564;0,0;36.580;206,5;0.556;2;Push;False
83;83 - GABRIEL CASAGRANDE - Stock Car Pro;13:50:04.863;9,0;1:22.536;82,536;145,246;0,0;25.580;0,0;20.388;0,0;36.568;206,5;0.556;2;Push;False
83;83 - GABRIEL CASAGRANDE - Stock Car Pro;13:51:28.365;10,0;1:23.502;83,502;143,565;0,0;25.552;0,0;20.497;0,0;37.453;206,5;0.556;2;Push;False
83;83 - GABRIEL CASAGRANDE - Stock Car Pro;13:56:16.024;11,0;4:47.659;287,659;41,674;0,0;25.650;0,0;20.513;;;206,5;0.556;2;In-Lap/Garage;True
83;83 - GABRIEL CASAGRANDE - Stock Car Pro;13:57:51.482;12,0;1:35.458;95,458;125,584;;;0,0;23.215;0,0;40.053;;;3;Out-Lap;True
83;83 - GABRIEL CASAGRANDE - Stock Car Pro;13:59:18.034;13,0;1:26.552;86,552;138,506;0,0;28.312;0,0;20.831;0,0;37.409;162,0;0.709;3;Push;False
83;83 - GABRIEL CASAGRANDE - Stock Car Pro;14:00:45.999;14,0;1:27.965;87,965;136,281;0,0;26.158;0,0;20.603;0,0;41.204;207,3;0.554;3;Push;True
83;83 - GABRIEL CASAGRANDE - Stock Car Pro;14:02:07.479;15,0;1:21.480;81,48;147,128;0,0;25.216;0,0;20.150;0,0;36.114;208,8;0.550;3;Push;False
83;83 - GABRIEL CASAGRANDE - Stock Car Pro;14:03:28.797;16,0;1:21.318;81,318;147,421;0,0;25.197;0,0;20.099;0,0;36.022;208,0;0.552;3;Push;False
85;85 - GUILHERME SALAS - Stock Car Pro;13:02:29.946;1,0;1:37.661;97,661;122,751;;;0,0;22.577;0,0;40.301;;;1;Push;True
85;85 - GUILHERME SALAS - Stock Car Pro;13:03:59.235;2,0;1:29.289;89,289;134,261;0,0;27.553;0,0;21.199;0,0;40.537;179,2;0.641;1;Push;True
85;85 - GUILHERME SALAS - Stock Car Pro;13:05:21.956;3,0;1:22.721;82,721;144,921;0,0;25.676;0,0;20.571;0,0;36.474;206,2;0.557;1;Push;False
85;85 - GUILHERME SALAS - Stock Car Pro;13:06:47.818;4,0;1:25.862;85,862;139,619;0,0;26.055;0,0;20.862;0,0;38.945;206,9;0.555;1;Push;False
85;85 - GUILHERME SALAS - Stock Car Pro;13:08:10.283;5,0;1:22.465;82,465;145,371;0,0;25.570;0,0;20.449;0,0;36.446;206,5;0.556;1;Push;False
85;85 - GUILHERME SALAS - Stock Car Pro;13:09:32.775;6,0;1:22.492;82,492;145,323;0,0;25.579;0,0;20.483;0,0;36.430;207,3;0.554;1;Push;False
85;85 - GUILHERME SALAS - Stock Car Pro;13:14:38.956;7,0;5:06.181;306,181;39,153;0,0;25.626;0,0;20.444;;;206,9;0.555;1;In-Lap/Garage;True
85;85 - GUILHERME SALAS - Stock Car Pro;13:16:07.866;8,0;1:28.910;88,91;134,833;;;0,0;20.709;0,0;38.069;;;2;Out-Lap;True
85;85 - GUILHERME SALAS - Stock Car Pro;13:21:23.337;9,0;5:15.471;315,471;38,0;0,0;25.651;0,0;20.433;;;206,5;0.556;2;In-Lap/Garage;True
85;85 - GUILHERME SALAS - Stock Car Pro;13:22:54.400;10,0;1:31.063;91,063;131,645;;;0,0;21.469;0,0;37.117;;;3;Out-Lap;True
85;85 - GUILHERME SALAS - Stock Car Pro;13:24:17.642;11,0;1:23.242;83,242;144,014;0,0;25.846;0,0;20.665;0,0;36.731;204,3;0.562;3;Push;False
85;85 - GUILHERME SALAS - Stock Car Pro;13:25:39.153;12,0;1:21.511;81,511;147,072;0,0;25.398;0,0;20.138;0,0;35.975;208,4;0.551;3;Push;False
85;85 - GUILHERME SALAS - Stock Car Pro;13:27:00.544;13,0;1:21.391;81,391;147,289;0,0;25.236;0,0;20.148;0,0;36.007;207,7;0.553;3;Push;False
85;85 - GUILHERME SALAS - Stock Car Pro;13:28:21.929;14,0;1:21.385;81,385;147,3;0,0;25.276;0,0;20.112;0,0;35.997;208,4;0.551;3;Push;False
90;90 - RICARDO MAURICIO - Stock Car Pro;13:37:25.016;1,0;1:37.674;97,674;122,735;;;0,0;21.663;0,0;39.569;;;1;Push;True
90;90 - RICARDO MAURICIO - Stock Car Pro;13:38:51.644;2,0;1:26.628;86,628;138,385;0,0;26.592;0,0;21.337;0,0;38.699;203,6;0.564;1;Push;False
90;90 - RICARDO MAURICIO - Stock Car Pro;13:40:15.193;3,0;1:23.549;83,549;143,485;0,0;25.985;0,0;20.686;0,0;36.878;204,7;0.561;1;Push;False
90;90 - RICARDO MAURICIO - Stock Car Pro;13:41:38.514;4,0;1:23.321;83,321;143,877;0,0;25.911;0,0;20.669;0,0;36.741;204,0;0.563;1;Push;False
90;90 - RICARDO MAURICIO - Stock Car Pro;13:43:02.170;5,0;1:23.656;83,656;143,301;0,0;25.802;0,0;20.829;0,0;37.025;205,8;0.558;1;Push;False
90;90 - RICARDO MAURICIO - Stock Car Pro;13:49:02.766;6,0;6:00.596;360,596;33,245;0,0;27.533;0,0;21.655;;;204,7;0.561;1;In-Lap/Garage;True
90;90 - RICARDO MAURICIO - Stock Car Pro;13:50:36.647;7,0;1:33.881;93,881;127,694;;;0,0;20.799;0,0;36.791;;;2;Out-Lap;True
90;90 - RICARDO MAURICIO - Stock Car Pro;13:52:06.537;8,0;1:29.890;89,89;133,363;0,0;25.818;0,0;20.617;0,0;43.455;204,0;0.563;2;Push;False
90;90 - RICARDO MAURICIO - Stock Car Pro;13:53:35.033;9,0;1:28.496;88,496;135,464;0,0;28.997;0,0;21.633;0,0;37.866;204,0;0.563;2;Push;False
90;90 - RICARDO MAURICIO - Stock Car Pro;13:56:48.311;10,0;3:13.278;193,278;62,025;0,0;25.784;0,0;20.662;;;204,3;0.562;2;In-Lap/Garage;True
90;90 - RICARDO MAURICIO - Stock Car Pro;13:58:20.486;11,0;1:32.175;92,175;130,057;;;0,0;21.575;0,0;38.091;;;3;Out-Lap;True
90;90 - RICARDO MAURICIO - Stock Car Pro;13:59:44.255;12,0;1:23.769;83,769;143,108;0,0;26.489;0,0;20.673;0,0;36.607;200,4;0.573;3;Push;False
90;90 - RICARDO MAURICIO - Stock Car Pro;14:01:06.198;13,0;1:21.943;81,943;146,297;0,0;25.509;0,0;20.293;0,0;36.141;206,2;0.557;3;Push;False
90;90 - RICARDO MAURICIO - Stock Car Pro;14:02:28.249;14,0;1:22.051;82,051;146,104;0,0;25.497;0,0;20.333;0,0;36.221;205,8;0.558;3;Push;False
90;90 - RICARDO MAURICIO - Stock Car Pro;14:03:50.091;15,0;1:21.842;81,842;146,477;0,0;25.388;0,0;20.176;0,0;36.278;207,3;0.554;3;Push;False
95;95 - LUCAS KOHL - Stock Car Pro;13:02:22.654;1,0;1:38.400;98,4;121,829;;;0,0;24.131;0,0;39.358;;;1;Push;True
95;95 - LUCAS KOHL - Stock Car Pro;13:03:50.440;2,0;1:27.786;87,786;136,559;0,0;27.386;0,0;21.573;0,0;38.827;200,4;0.573;1;Push;False
95;95 - LUCAS KOHL - Stock Car Pro;13:05:17.229;3,0;1:26.789;86,789;138,128;0,0;26.592;0,0;21.441;0,0;38.756;200,8;0.572;1;Push;False
95;95 - LUCAS KOHL - Stock Car Pro;13:06:41.395;4,0;1:24.166;84,166;142,433;0,0;25.943;0,0;21.027;0,0;37.196;207,3;0.554;1;Push;False
95;95 - LUCAS KOHL - Stock Car Pro;13:08:04.746;5,0;1:23.351;83,351;143,826;0,0;25.940;0,0;20.749;0,0;36.662;206,5;0.556;1;Push;False
95;95 - LUCAS KOHL - Stock Car Pro;13:14:23.136;6,0;6:18.390;378,39;31,682;0,0;26.386;0,0;21.384;;;208,0;0.552;1;In-Lap/Garage;True
95;95 - LUCAS KOHL - Stock Car Pro;13:16:04.687;7,0;1:41.551;101,551;118,049;;;0,0;24.894;0,0;42.342;;;2;Out-Lap;True
95;95 - LUCAS KOHL - Stock Car Pro;13:17:33.349;8,0;1:28.662;88,662;135,21;0,0;27.526;0,0;23.652;0,0;37.484;202,5;0.567;2;Push;True
95;95 - LUCAS KOHL - Stock Car Pro;13:18:57.099;9,0;1:23.750;83,75;143,14;0,0;26.262;0,0;21.104;0,0;36.384;199,7;0.575;2;Push;False
95;95 - LUCAS KOHL - Stock Car Pro;13:20:18.971;10,0;1:21.872;81,872;146,424;0,0;25.368;0,0;20.317;0,0;36.187;207,3;0.554;2;Push;False
95;95 - LUCAS KOHL - Stock Car Pro;13:23:01.655;11,0;2:42.684;162,684;73,689;0,0;25.345;0,0;26.289;;;206,9;0.555;2;In-Lap/Garage;True
95;95 - LUCAS KOHL - Stock Car Pro;13:24:39.069;12,0;1:37.414;97,414;123,062;;;0,0;23.862;0,0;40.191;;;3;Out-Lap;True
95;95 - LUCAS KOHL - Stock Car Pro;13:26:06.637;13,0;1:27.568;87,568;136,899;0,0;27.878;0,0;21.300;0,0;38.390;158,6;0.724;3;Push;False
95;95 - LUCAS KOHL - Stock Car Pro;13:27:30.124;14,0;1:23.487;83,487;143,591;0,0;25.953;0,0;20.787;0,0;36.747;202,5;0.567;3;Push;False
