"Time of Day","Lap","LeadLap","Lap Tm","Speed","S1","S1 Tm","S2","S2 Tm","S3","S3 Tm","SPT","SPT Tm"
73 - ENZO ELIAS - Stock Car Pro
"10:30:15.157","1","1","1:26.299","138,912","0,0","29.424","0,0","20.484","0,0","36.391","133,2","0.862"
"10:31:37.624","2","2","1:22.467","145,367","0,0","25.630","0,0","20.440","0,0","36.397","207,3","0.554"
"10:33:00.113","3","3","1:22.489","145,328","0,0","25.685","0,0","20.446","0,0","36.358","208,8","0.550"
"10:34:22.588","4","4","1:22.475","145,353","0,0","25.474","0,0","20.563","0,0","36.438","208,8","0.550"
"10:35:45.215","5","5","1:22.627","145,086","0,0","25.583","0,0","20.526","0,0","36.518","209,2","0.549"
"10:37:07.764","6","6","1:22.549","145,223","0,0","25.556","0,0","20.449","0,0","36.544","209,2","0.549"
"10:38:29.923","7","7","1:22.159","145,912","0,0","25.441","0,0","20.378","0,0","36.340","209,6","0.548"
"10:39:52.116","8","8","1:22.193","145,852","0,0","25.518","0,0","20.456","0,0","36.219","209,9","0.547"
"10:41:14.104","9","9","1:21.988","146,217","0,0","25.409","0,0","20.315","0,0","36.264","209,6","0.548"
"10:42:36.186","10","10","1:22.082","146,049","0,0","25.424","0,0","20.322","0,0","36.336","209,2","0.549"
"10:43:58.546","11","11","1:22.360","145,556","0,0","25.467","0,0","20.428","0,0","36.465","208,8","0.550"
"10:45:20.698","12","12","1:22.152","145,925","0,0","25.463","0,0","20.431","0,0","36.258","208,8","0.550"
"10:47:15.281","13","13","1:54.583","104,623","0,0","25.566","0,0","20.376","","","208,8","0.550"
"10:48:41.397","14","14","1:26.116","139,208","","","0,0","20.488","0,0","36.333","",""
"10:50:03.614","15","15","1:22.217","145,809","0,0","25.527","0,0","20.439","0,0","36.251","208,0","0.552"
"10:51:25.682","16","16","1:22.068","146,074","0,0","25.420","0,0","20.378","0,0","36.270","209,6","0.548"
"10:52:47.823","17","17","1:22.141","145,944","0,0","25.462","0,0","20.442","0,0","36.237","208,8","0.550"
"10:54:09.861","18","18","1:22.038","146,127","0,0","25.429","0,0","20.325","0,0","36.284","209,6","0.548"
"10:55:32.002","19","19","1:22.141","145,944","0,0","25.462","0,0","20.298","0,0","36.381","209,9","0.547"
"10:56:54.426","20","20","1:22.424","145,443","0,0","25.507","0,0","20.446","0,0","36.471","209,6","0.548"
"10:58:16.668","21","21","1:22.242","145,765","0,0","25.414","0,0","20.348","0,0","36.480","209,2","0.549"
"10:59:39.156","22","22","1:22.488","145,330","0,0","25.514","0,0","20.442","0,0","36.532","210,3","0.546"
"11:01:02.075","23","23","1:22.919","144,575","0,0","25.671","0,0","20.514","0,0","36.734","209,9","0.547"
38 - ZEZINHO MUGGIATI - Stock Car Pro
"10:30:16.778","1","1","1:27.393","137,173","0,0","29.937","0,0","20.705","0,0","36.751","135,9","0.845"
"10:31:39.780","2","2","1:23.002","144,430","0,0","25.865","0,0","20.587","0,0","36.550","206,9","0.555"
"10:33:02.268","3","3","1:22.488","145,330","0,0","25.635","0,0","20.437","0,0","36.416","207,7","0.553"
"10:34:24.823","4","4","1:22.555","145,212","0,0","25.614","0,0","20.472","0,0","36.469","208,0","0.552"
"10:35:47.395","5","5","1:22.572","145,182","0,0","25.703","0,0","20.447","0,0","36.422","207,7","0.553"
"10:37:10.028","6","6","1:22.633","145,075","0,0","25.677","0,0","20.476","0,0","36.480","208,0","0.552"
"10:39:03.272","7","7","1:53.244","105,860","0,0","25.642","0,0","20.481","","","208,0","0.552"
"10:40:29.423","8","8","1:26.151","139,151","","","0,0","20.531","0,0","36.460","",""
"10:41:51.757","9","9","1:22.334","145,602","0,0","25.561","0,0","20.431","0,0","36.342","206,5","0.556"
"10:43:13.851","10","10","1:22.094","146,028","0,0","25.492","0,0","20.432","0,0","36.170","206,5","0.556"
"10:44:35.949","11","11","1:22.098","146,021","0,0","25.504","0,0","20.368","0,0","36.226","207,3","0.554"
"10:45:58.347","12","12","1:22.398","145,489","0,0","25.759","0,0","20.347","0,0","36.292","206,5","0.556"
"10:47:20.551","13","13","1:22.204","145,832","0,0","25.572","0,0","20.378","0,0","36.254","206,9","0.555"
"10:48:42.738","14","14","1:22.187","145,862","0,0","25.521","0,0","20.449","0,0","36.217","206,9","0.555"
"10:50:05.159","15","15","1:22.421","145,448","0,0","25.550","0,0","20.476","0,0","36.395","207,7","0.553"
"10:51:27.548","16","16","1:22.389","145,505","0,0","25.561","0,0","20.493","0,0","36.335","207,7","0.553"
"10:52:49.754","17","17","1:22.206","145,829","0,0","25.456","0,0","20.514","0,0","36.236","208,4","0.551"
"10:54:11.914","18","18","1:22.160","145,910","0,0","25.477","0,0","20.437","0,0","36.246","208,4","0.551"
"10:55:34.145","19","19","1:22.231","145,784","0,0","25.445","0,0","20.391","0,0","36.395","209,2","0.549"
"10:56:56.471","20","20","1:22.326","145,616","0,0","25.510","0,0","20.439","0,0","36.377","208,8","0.550"
"10:58:18.761","21","21","1:22.290","145,680","0,0","25.552","0,0","20.463","0,0","36.275","209,2","0.549"
"10:59:41.236","22","22","1:22.475","145,353","0,0","25.512","0,0","20.533","0,0","36.430","209,2","0.549"
"11:01:04.131","23","23","1:22.895","144,617","0,0","25.717","0,0","20.507","0,0","36.671","208,8","0.550"
21 - THIAGO CAMILO - Stock Car Pro
"10:30:16.212","1","1","1:27.125","137,595","0,0","29.958","0,0","20.574","0,0","36.593","134,9","0.851"
"10:31:39.067","2","2","1:22.855","144,687","0,0","25.864","0,0","20.442","0,0","36.549","206,9","0.555"
"10:33:01.708","3","3","1:22.641","145,061","0,0","25.728","0,0","20.400","0,0","36.513","207,3","0.554"
"10:34:24.381","4","4","1:22.673","145,005","0,0","25.668","0,0","20.376","0,0","36.629","207,7","0.553"
"10:35:47.024","5","5","1:22.643","145,058","0,0","25.673","0,0","20.418","0,0","36.552","208,4","0.551"
"10:37:09.511","6","6","1:22.487","145,332","0,0","25.550","0,0","20.473","0,0","36.464","208,4","0.551"
"10:38:31.886","7","7","1:22.375","145,530","0,0","25.562","0,0","20.372","0,0","36.441","208,4","0.551"
"10:39:54.041","8","8","1:22.155","145,919","0,0","25.434","0,0","20.339","0,0","36.382","208,8","0.550"
"10:41:16.595","9","9","1:22.554","145,214","0,0","25.774","0,0","20.369","0,0","36.411","208,4","0.551"
"10:42:38.989","10","10","1:22.394","145,496","0,0","25.599","0,0","20.327","0,0","36.468","207,7","0.553"
"10:44:01.278","11","11","1:22.289","145,682","0,0","25.519","0,0","20.295","0,0","36.475","207,7","0.553"
"10:45:55.598","12","12","1:54.320","104,864","0,0","25.684","0,0","20.333","","","207,3","0.554"
"10:47:21.939","13","13","1:26.341","138,845","","","0,0","20.428","0,0","36.636","",""
"10:48:44.440","14","14","1:22.501","145,307","0,0","25.627","0,0","20.325","0,0","36.549","207,3","0.554"
"10:50:06.918","15","15","1:22.478","145,348","0,0","25.607","0,0","20.317","0,0","36.554","207,7","0.553"
"10:51:29.446","16","16","1:22.528","145,260","0,0","25.611","0,0","20.313","0,0","36.604","207,3","0.554"
"10:52:52.084","17","17","1:22.638","145,066","0,0","25.531","0,0","20.354","0,0","36.753","207,7","0.553"
"10:54:14.952","18","18","1:22.868","144,664","0,0","25.594","0,0","20.449","0,0","36.825","208,0","0.552"
"10:55:37.585","19","19","1:22.633","145,075","0,0","25.573","0,0","20.445","0,0","36.615","207,7","0.553"
"10:57:00.302","20","20","1:22.717","144,928","0,0","25.582","0,0","20.445","0,0","36.690","208,8","0.550"
"10:58:22.885","21","21","1:22.583","145,163","0,0","25.568","0,0","20.388","0,0","36.627","208,4","0.551"
"10:59:45.724","22","22","1:22.839","144,714","0,0","25.649","0,0","20.479","0,0","36.711","208,4","0.551"
"11:01:08.639","23","23","1:22.915","144,582","0,0","25.608","0,0","20.352","0,0","36.955","208,8","0.550"
111 - RUBENS BARRICHELLO - Stock Car Pro
"10:30:18.105","1","1","1:28.425","135,573","0,0","30.739","0,0","20.920","0,0","36.766","136,2","0.843"
"10:31:41.018","2","2","1:22.913","144,585","0,0","25.620","0,0","20.717","0,0","36.576","209,9","0.547"
"10:33:04.012","3","3","1:22.994","144,444","0,0","25.782","0,0","20.618","0,0","36.594","209,9","0.547"
"10:34:26.499","4","4","1:22.487","145,332","0,0","25.593","0,0","20.504","0,0","36.390","210,7","0.545"
"10:35:49.109","5","5","1:22.610","145,116","0,0","25.615","0,0","20.556","0,0","36.439","211,1","0.544"
"10:37:11.816","6","6","1:22.707","144,945","0,0","25.656","0,0","20.601","0,0","36.450","211,5","0.543"
"10:39:04.677","7","7","1:52.861","106,219","0,0","25.609","0,0","20.505","","","210,7","0.545"
"10:40:30.725","8","8","1:26.048","139,318","","","0,0","20.506","0,0","36.330","",""
"10:41:52.776","9","9","1:22.051","146,104","0,0","25.447","0,0","20.399","0,0","36.205","209,6","0.548"
"10:43:14.952","10","10","1:22.176","145,882","0,0","25.472","0,0","20.401","0,0","36.303","210,3","0.546"
"10:44:37.165","11","11","1:22.213","145,816","0,0","25.490","0,0","20.467","0,0","36.256","209,9","0.547"
"10:45:59.585","12","12","1:22.420","145,450","0,0","25.428","0,0","20.659","0,0","36.333","209,6","0.548"
"10:47:22.431","13","13","1:22.846","144,702","0,0","25.713","0,0","20.604","0,0","36.529","209,6","0.548"
"10:48:45.065","14","14","1:22.634","145,073","0,0","25.675","0,0","20.545","0,0","36.414","209,9","0.547"
"10:50:07.709","15","15","1:22.644","145,056","0,0","25.572","0,0","20.544","0,0","36.528","210,3","0.546"
"10:51:30.350","16","16","1:22.641","145,061","0,0","25.601","0,0","20.519","0,0","36.521","210,3","0.546"
"10:52:52.869","17","17","1:22.519","145,276","0,0","25.486","0,0","20.535","0,0","36.498","210,7","0.545"
"10:54:15.538","18","18","1:22.669","145,012","0,0","25.562","0,0","20.523","0,0","36.584","211,1","0.544"
"10:55:38.136","19","19","1:22.598","145,137","0,0","25.578","0,0","20.518","0,0","36.502","211,1","0.544"
"10:57:00.887","20","20","1:22.751","144,868","0,0","25.563","0,0","20.595","0,0","36.593","211,1","0.544"
"10:58:23.552","21","21","1:22.665","145,019","0,0","25.626","0,0","20.522","0,0","36.517","211,5","0.543"
"10:59:46.320","22","22","1:22.768","144,839","0,0","25.631","0,0","20.573","0,0","36.564","211,5","0.543"
"11:01:09.266","23","23","1:22.946","144,528","0,0","25.654","0,0","20.565","0,0","36.727","210,7","0.545"
8 - RAFAEL SUZUKI - Stock Car Pro
"10:30:17.433","1","1","1:27.439","137,101","0,0","29.725","0,0","20.752","0,0","36.962","140,6","0.817"
"10:31:40.435","2","2","1:23.002","144,430","0,0","25.847","0,0","20.656","0,0","36.499","208,0","0.552"
"10:33:03.157","3","3","1:22.722","144,919","0,0","25.700","0,0","20.529","0,0","36.493","209,2","0.549"
"10:34:25.748","4","4","1:22.591","145,149","0,0","25.562","0,0","20.538","0,0","36.491","209,2","0.549"
"10:35:48.268","5","5","1:22.520","145,274","0,0","25.555","0,0","20.487","0,0","36.478","209,2","0.549"
"10:37:10.818","6","6","1:22.550","145,221","0,0","25.557","0,0","20.499","0,0","36.494","209,6","0.548"
"10:38:33.394","7","7","1:22.576","145,175","0,0","25.539","0,0","20.513","0,0","36.524","209,6","0.548"
"10:39:55.824","8","8","1:22.430","145,432","0,0","25.529","0,0","20.457","0,0","36.444","209,6","0.548"
"10:41:18.030","9","9","1:22.206","145,829","0,0","25.439","0,0","20.355","0,0","36.412","208,8","0.550"
"10:43:13.426","10","10","1:55.396","103,886","0,0","25.539","0,0","20.452","","","208,4","0.551"
"10:44:39.634","11","11","1:26.208","139,059","","","0,0","20.481","0,0","36.518","",""
"10:46:02.037","12","12","1:22.403","145,480","0,0","25.595","0,0","20.386","0,0","36.422","207,3","0.554"
"10:47:24.412","13","13","1:22.375","145,530","0,0","25.569","0,0","20.387","0,0","36.419","207,7","0.553"
"10:48:46.906","14","14","1:22.494","145,320","0,0","25.562","0,0","20.489","0,0","36.443","208,4","0.551"
"10:50:09.428","15","15","1:22.522","145,270","0,0","25.602","0,0","20.460","0,0","36.460","208,4","0.551"
"10:51:31.885","16","16","1:22.457","145,385","0,0","25.535","0,0","20.385","0,0","36.537","209,2","0.549"
"10:52:54.343","17","17","1:22.458","145,383","0,0","25.530","0,0","20.405","0,0","36.523","209,2","0.549"
"10:54:16.923","18","18","1:22.580","145,168","0,0","25.546","0,0","20.480","0,0","36.554","209,2","0.549"
"10:55:39.532","19","19","1:22.609","145,117","0,0","25.522","0,0","20.435","0,0","36.652","209,9","0.547"
"10:57:02.142","20","20","1:22.610","145,116","0,0","25.584","0,0","20.448","0,0","36.578","209,9","0.547"
"10:58:24.795","21","21","1:22.653","145,040","0,0","25.533","0,0","20.501","0,0","36.619","210,3","0.546"
"10:59:47.400","22","22","1:22.605","145,124","0,0","25.496","0,0","20.531","0,0","36.578","209,9","0.547"
"11:01:10.280","23","23","1:22.880","144,643","0,0","25.611","0,0","20.591","0,0","36.678","210,3","0.546"
1 - FELIPE FRAGA - Stock Car Pro
"10:30:20.231","1","1","1:29.001","134,695","0,0","30.239","0,0","21.749","0,0","37.013","148,6","0.773"
"10:31:43.016","2","2","1:22.785","144,809","0,0","25.771","0,0","20.482","0,0","36.532","207,7","0.553"
"10:33:05.694","3","3","1:22.678","144,996","0,0","25.460","0,0","20.502","0,0","36.716","210,3","0.546"
"10:34:28.148","4","4","1:22.454","145,390","0,0","25.537","0,0","20.500","0,0","36.417","210,3","0.546"
"10:35:50.629","5","5","1:22.481","145,343","0,0","25.569","0,0","20.372","0,0","36.540","211,1","0.544"
"10:37:13.334","6","6","1:22.705","144,949","0,0","25.680","0,0","20.585","0,0","36.440","211,1","0.544"
"10:39:06.803","7","7","1:53.469","105,650","0,0","25.509","0,0","20.481","","","210,7","0.545"
"10:40:33.459","8","8","1:26.656","138,340","","","0,0","20.657","0,0","36.791","",""
"10:41:55.225","9","9","1:21.766","146,614","0,0","25.412","0,0","20.207","0,0","36.147","208,8","0.550"
"10:43:18.058","10","10","1:22.833","144,725","0,0","25.822","0,0","20.603","0,0","36.408","209,2","0.549"
"10:44:40.554","11","11","1:22.496","145,316","0,0","25.527","0,0","20.428","0,0","36.541","209,9","0.547"
"10:46:03.060","12","12","1:22.506","145,299","0,0","25.609","0,0","20.427","0,0","36.470","208,4","0.551"
"10:47:25.661","13","13","1:22.601","145,131","0,0","25.720","0,0","20.349","0,0","36.532","211,1","0.544"
"10:48:48.579","14","14","1:22.918","144,577","0,0","25.699","0,0","20.603","0,0","36.616","209,6","0.548"
"10:50:11.190","15","15","1:22.611","145,114","0,0","25.593","0,0","20.457","0,0","36.561","208,4","0.551"
"10:51:33.219","16","16","1:22.029","146,143","0,0","25.403","0,0","20.392","0,0","36.234","210,3","0.546"
"10:52:55.516","17","17","1:22.297","145,668","0,0","25.482","0,0","20.389","0,0","36.426","211,5","0.543"
"10:54:18.067","18","18","1:22.551","145,219","0,0","25.757","0,0","20.462","0,0","36.332","212,7","0.540"
"10:55:40.666","19","19","1:22.599","145,135","0,0","25.638","0,0","20.497","0,0","36.464","211,1","0.544"
"10:57:03.071","20","20","1:22.405","145,477","0,0","25.499","0,0","20.478","0,0","36.428","211,1","0.544"
"10:58:25.739","21","21","1:22.668","145,014","0,0","25.670","0,0","20.463","0,0","36.535","211,9","0.542"
"10:59:48.462","22","22","1:22.723","144,917","0,0","25.531","0,0","20.480","0,0","36.712","211,5","0.543"
"11:01:11.893","23","23","1:23.431","143,688","0,0","26.437","0,0","20.610","0,0","36.384","212,3","0.541"
83 - GABRIEL CASAGRANDE - Stock Car Pro
"10:30:19.725","1","1","1:28.918","134,821","0,0","30.558","0,0","21.495","0,0","36.865","144,8","0.793"
"10:31:42.303","2","2","1:22.578","145,172","0,0","25.605","0,0","20.439","0,0","36.534","207,7","0.553"
"10:33:04.915","3","3","1:22.612","145,112","0,0","25.583","0,0","20.473","0,0","36.556","209,6","0.548"
"10:34:27.592","4","4","1:22.677","144,998","0,0","25.622","0,0","20.435","0,0","36.620","208,8","0.550"
"10:35:50.108","5","5","1:22.516","145,281","0,0","25.560","0,0","20.395","0,0","36.561","208,8","0.550"
"10:37:12.878","6","6","1:22.770","144,835","0,0","25.621","0,0","20.459","0,0","36.690","208,8","0.550"
"10:38:35.503","7","7","1:22.625","145,089","0,0","25.489","0,0","20.475","0,0","36.661","208,8","0.550"
"10:39:57.597","8","8","1:22.094","146,028","0,0","25.398","0,0","20.261","0,0","36.435","208,4","0.551"
"10:41:51.322","9","9","1:53.725","105,412","0,0","25.422","0,0","20.268","","","208,8","0.550"
"10:43:17.487","10","10","1:26.165","139,128","","","0,0","20.443","0,0","36.367","",""
"10:44:40.132","11","11","1:22.645","145,054","0,0","25.671","0,0","20.469","0,0","36.505","208,0","0.552"
"10:46:02.736","12","12","1:22.604","145,126","0,0","25.586","0,0","20.438","0,0","36.580","208,4","0.551"
"10:47:25.251","13","13","1:22.515","145,283","0,0","25.665","0,0","20.292","0,0","36.558","208,4","0.551"
"10:48:47.767","14","14","1:22.516","145,281","0,0","25.571","0,0","20.346","0,0","36.599","208,0","0.552"
"10:50:10.276","15","15","1:22.509","145,293","0,0","25.566","0,0","20.331","0,0","36.612","208,8","0.550"
"10:51:32.661","16","16","1:22.385","145,512","0,0","25.488","0,0","20.283","0,0","36.614","208,4","0.551"
"10:52:55.305","17","17","1:22.644","145,056","0,0","25.578","0,0","20.410","0,0","36.656","209,6","0.548"
"10:54:17.735","18","18","1:22.430","145,432","0,0","25.530","0,0","20.333","0,0","36.567","210,3","0.546"
"10:55:40.179","19","19","1:22.444","145,408","0,0","25.511","0,0","20.372","0,0","36.561","210,3","0.546"
"10:57:02.776","20","20","1:22.597","145,138","0,0","25.540","0,0","20.430","0,0","36.627","210,7","0.545"
"10:58:25.306","21","21","1:22.530","145,256","0,0","25.532","0,0","20.397","0,0","36.601","209,6","0.548"
"10:59:48.403","22","22","1:23.097","144,265","0,0","25.566","0,0","20.414","0,0","37.117","210,3","0.546"
"11:01:12.699","23","23","1:24.296","142,213","0,0","26.654","0,0","20.903","0,0","36.739","206,5","0.556"
7 - SERGIO SETTE CAMARA - Stock Car Pro
"10:30:20.849","1","1","1:30.521","132,433","0,0","31.353","0,0","21.912","0,0","37.256","139,7","0.822"
"10:31:44.052","2","2","1:23.203","144,081","0,0","25.993","0,0","20.641","0,0","36.569","205,8","0.558"
"10:33:06.789","3","3","1:22.737","144,893","0,0","25.666","0,0","20.524","0,0","36.547","207,3","0.554"
"10:34:29.361","4","4","1:22.572","145,182","0,0","25.639","0,0","20.511","0,0","36.422","207,3","0.554"
"10:35:51.949","5","5","1:22.588","145,154","0,0","25.567","0,0","20.480","0,0","36.541","208,0","0.552"
"10:37:14.584","6","6","1:22.635","145,072","0,0","25.608","0,0","20.619","0,0","36.408","208,0","0.552"
"10:38:37.240","7","7","1:22.656","145,035","0,0","25.602","0,0","20.474","0,0","36.580","208,0","0.552"
"10:39:59.599","8","8","1:22.359","145,558","0,0","25.562","0,0","20.419","0,0","36.378","207,7","0.553"
"10:41:21.917","9","9","1:22.318","145,630","0,0","25.510","0,0","20.388","0,0","36.420","207,7","0.553"
"10:43:17.015","10","10","1:55.098","104,155","0,0","25.551","0,0","20.384","","","207,3","0.554"
"10:44:43.479","11","11","1:26.464","138,647","","","0,0","20.486","0,0","36.419","",""
"10:46:05.760","12","12","1:22.281","145,696","0,0","25.570","0,0","20.346","0,0","36.365","206,2","0.557"
"10:47:28.335","13","13","1:22.575","145,177","0,0","25.601","0,0","20.465","0,0","36.509","206,2","0.557"
"10:48:50.722","14","14","1:22.387","145,508","0,0","25.563","0,0","20.438","0,0","36.386","206,9","0.555"
"10:50:13.338","15","15","1:22.616","145,105","0,0","25.641","0,0","20.515","0,0","36.460","207,3","0.554"
"10:51:35.797","16","16","1:22.459","145,381","0,0","25.647","0,0","20.425","0,0","36.387","206,9","0.555"
"10:52:58.292","17","17","1:22.495","145,318","0,0","25.639","0,0","20.417","0,0","36.439","207,3","0.554"
"10:54:20.753","18","18","1:22.461","145,378","0,0","25.627","0,0","20.435","0,0","36.399","207,7","0.553"
"10:55:43.123","19","19","1:22.370","145,538","0,0","25.608","0,0","20.389","0,0","36.373","208,0","0.552"
"10:57:05.748","20","20","1:22.625","145,089","0,0","25.626","0,0","20.486","0,0","36.513","208,4","0.551"
"10:58:28.265","21","21","1:22.517","145,279","0,0","25.597","0,0","20.414","0,0","36.506","208,0","0.552"
"10:59:50.835","22","22","1:22.570","145,186","0,0","25.619","0,0","20.453","0,0","36.498","208,8","0.550"
"11:01:13.982","23","23","1:23.147","144,178","0,0","25.732","0,0","20.686","0,0","36.729","209,2","0.549"
81 - ARTHUR LEIST - Stock Car Pro
"10:30:21.230","1","1","1:29.587","133,814","0,0","30.299","0,0","21.972","0,0","37.316","150,1","0.765"
"10:31:44.861","2","2","1:23.631","143,344","0,0","26.278","0,0","20.729","0,0","36.624","205,1","0.560"
"10:33:07.652","3","3","1:22.791","144,798","0,0","25.704","0,0","20.477","0,0","36.610","205,1","0.560"
"10:34:30.221","4","4","1:22.569","145,188","0,0","25.597","0,0","20.449","0,0","36.523","205,1","0.560"
"10:35:52.771","5","5","1:22.550","145,221","0,0","25.555","0,0","20.461","0,0","36.534","205,4","0.559"
"10:37:15.521","6","6","1:22.750","144,870","0,0","25.558","0,0","20.528","0,0","36.664","205,4","0.559"
"10:38:38.237","7","7","1:22.716","144,930","0,0","25.715","0,0","20.411","0,0","36.590","205,4","0.559"
"10:40:00.842","8","8","1:22.605","145,124","0,0","25.609","0,0","20.371","0,0","36.625","205,8","0.558"
"10:41:55.171","9","9","1:54.329","104,855","0,0","25.562","0,0","20.423","","","205,4","0.559"
"10:43:21.249","10","10","1:26.078","139,269","","","0,0","20.454","0,0","36.430","",""
"10:44:44.247","11","11","1:22.998","144,437","0,0","25.861","0,0","20.524","0,0","36.613","205,1","0.560"
"10:46:06.879","12","12","1:22.632","145,077","0,0","25.626","0,0","20.432","0,0","36.574","205,4","0.559"
"10:47:29.612","13","13","1:22.733","144,900","0,0","25.624","0,0","20.499","0,0","36.610","204,7","0.561"
"10:48:52.304","14","14","1:22.692","144,972","0,0","25.618","0,0","20.470","0,0","36.604","205,4","0.559"
"10:50:14.952","15","15","1:22.648","145,049","0,0","25.576","0,0","20.471","0,0","36.601","205,4","0.559"
"10:51:37.528","16","16","1:22.576","145,175","0,0","25.656","0,0","20.416","0,0","36.504","205,4","0.559"
"10:53:00.064","17","17","1:22.536","145,246","0,0","25.651","0,0","20.370","0,0","36.515","205,8","0.558"
"10:54:22.691","18","18","1:22.627","145,086","0,0","25.588","0,0","20.451","0,0","36.588","206,5","0.556"
"10:55:45.288","19","19","1:22.597","145,138","0,0","25.564","0,0","20.458","0,0","36.575","206,2","0.557"
"10:57:08.036","20","20","1:22.748","144,874","0,0","25.596","0,0","20.537","0,0","36.615","207,3","0.554"
"10:58:30.634","21","21","1:22.598","145,137","0,0","25.622","0,0","20.415","0,0","36.561","206,5","0.556"
"10:59:53.476","22","22","1:22.842","144,709","0,0","25.542","0,0","20.553","0,0","36.747","206,9","0.555"
"11:01:16.537","23","23","1:23.061","144,328","0,0","25.670","0,0","20.623","0,0","36.768","207,7","0.553"
4 - JULIO CAMPOS - Stock Car Pro
"10:30:21.946","1","1","1:30.663","132,226","0,0","31.024","0,0","22.168","0,0","37.471","145,2","0.791"
"10:31:45.783","2","2","1:23.837","142,992","0,0","26.198","0,0","21.026","0,0","36.613","206,9","0.555"
"10:33:09.152","3","3","1:23.369","143,794","0,0","26.055","0,0","20.776","0,0","36.538","208,8","0.550"
"10:34:31.842","4","4","1:22.690","144,975","0,0","25.585","0,0","20.607","0,0","36.498","208,0","0.552"
"10:35:54.567","5","5","1:22.725","144,914","0,0","25.567","0,0","20.583","0,0","36.575","208,8","0.550"
"10:37:17.123","6","6","1:22.556","145,211","0,0","25.461","0,0","20.562","0,0","36.533","208,8","0.550"
"10:38:39.764","7","7","1:22.641","145,061","0,0","25.524","0,0","20.564","0,0","36.553","208,8","0.550"
"10:40:02.213","8","8","1:22.449","145,399","0,0","25.422","0,0","20.461","0,0","36.566","209,2","0.549"
"10:41:24.584","9","9","1:22.371","145,537","0,0","25.471","0,0","20.499","0,0","36.401","208,8","0.550"
"10:43:18.484","10","10","1:53.900","105,250","0,0","25.413","0,0","20.428","","","208,4","0.551"
"10:44:45.189","11","11","1:26.705","138,262","","","0,0","20.667","0,0","36.726","",""
"10:46:07.861","12","12","1:22.672","145,007","0,0","25.647","0,0","20.536","0,0","36.489","207,7","0.553"
"10:47:30.591","13","13","1:22.730","144,905","0,0","25.569","0,0","20.570","0,0","36.591","207,7","0.553"
"10:48:53.244","14","14","1:22.653","145,040","0,0","25.527","0,0","20.605","0,0","36.521","208,4","0.551"
"10:50:16.029","15","15","1:22.785","144,809","0,0","25.606","0,0","20.612","0,0","36.567","208,0","0.552"
"10:51:38.654","16","16","1:22.625","145,089","0,0","25.494","0,0","20.548","0,0","36.583","208,8","0.550"
"10:53:01.293","17","17","1:22.639","145,065","0,0","25.589","0,0","20.504","0,0","36.546","208,8","0.550"
"10:54:23.851","18","18","1:22.558","145,207","0,0","25.570","0,0","20.506","0,0","36.482","209,6","0.548"
"10:55:46.632","19","19","1:22.781","144,816","0,0","25.625","0,0","20.616","0,0","36.540","209,9","0.547"
"10:57:09.322","20","20","1:22.690","144,975","0,0","25.516","0,0","20.557","0,0","36.617","209,9","0.547"
"10:58:32.194","21","21","1:22.872","144,657","0,0","25.520","0,0","20.600","0,0","36.752","209,9","0.547"
"10:59:55.175","22","22","1:22.981","144,467","0,0","25.645","0,0","20.629","0,0","36.707","209,9","0.547"
"11:01:18.310","23","23","1:23.135","144,199","0,0","25.734","0,0","20.629","0,0","36.772","209,6","0.548"
29 - DANIEL SERRA - Stock Car Pro
"10:30:21.404","1","1","1:30.641","132,258","0,0","31.388","0,0","21.992","0,0","37.261","143,7","0.799"
"10:31:45.392","2","2","1:23.988","142,735","0,0","26.503","0,0","20.864","0,0","36.621","210,3","0.546"
"10:33:08.267","3","3","1:22.875","144,652","0,0","25.792","0,0","20.558","0,0","36.525","210,3","0.546"
"10:34:31.072","4","4","1:22.805","144,774","0,0","25.724","0,0","20.527","0,0","36.554","210,7","0.545"
"10:35:53.675","5","5","1:22.603","145,128","0,0","25.472","0,0","20.604","0,0","36.527","211,1","0.544"
"10:37:16.353","6","6","1:22.678","144,996","0,0","25.552","0,0","20.641","0,0","36.485","211,1","0.544"
"10:39:10.175","7","7","1:53.822","105,322","0,0","25.598","0,0","20.670","","","210,7","0.545"
"10:40:37.062","8","8","1:26.887","137,972","","","0,0","20.421","0,0","37.404","",""
"10:41:59.286","9","9","1:22.224","145,797","0,0","25.558","0,0","20.270","0,0","36.396","208,4","0.551"
"10:43:21.888","10","10","1:22.602","145,130","0,0","25.548","0,0","20.538","0,0","36.516","208,8","0.550"
"10:44:45.482","11","11","1:23.594","143,407","0,0","26.221","0,0","20.765","0,0","36.608","209,9","0.547"
"10:46:08.408","12","12","1:22.926","144,563","0,0","25.778","0,0","20.595","0,0","36.553","210,7","0.545"
"10:47:31.388","13","13","1:22.980","144,469","0,0","25.732","0,0","20.640","0,0","36.608","209,2","0.549"
"10:48:54.081","14","14","1:22.693","144,970","0,0","25.595","0,0","20.490","0,0","36.608","210,3","0.546"
"10:50:16.724","15","15","1:22.643","145,058","0,0","25.507","0,0","20.553","0,0","36.583","209,9","0.547"
"10:51:39.697","16","16","1:22.973","144,481","0,0","25.738","0,0","20.658","0,0","36.577","210,7","0.545"
"10:53:02.274","17","17","1:22.577","145,174","0,0","25.575","0,0","20.472","0,0","36.530","210,7","0.545"
"10:54:24.980","18","18","1:22.706","144,947","0,0","25.578","0,0","20.637","0,0","36.491","211,5","0.543"
"10:55:47.484","19","19","1:22.504","145,302","0,0","25.533","0,0","20.519","0,0","36.452","211,1","0.544"
"10:57:10.437","20","20","1:22.953","144,516","0,0","25.638","0,0","20.493","0,0","36.822","211,5","0.543"
"10:58:33.211","21","21","1:22.774","144,828","0,0","25.663","0,0","20.533","0,0","36.578","210,7","0.545"
"10:59:56.089","22","22","1:22.878","144,646","0,0","25.604","0,0","20.608","0,0","36.666","211,5","0.543"
"11:01:18.986","23","23","1:22.897","144,613","0,0","25.685","0,0","20.504","0,0","36.708","211,1","0.544"
19 - FELIPE MASSA - Stock Car Pro
"10:30:24.746","1","1","1:32.553","129,526","0,0","31.736","0,0","22.106","0,0","38.711","160,2","0.717"
"10:31:49.241","2","2","1:24.495","141,878","0,0","25.957","0,0","21.076","0,0","37.462","211,9","0.542"
"10:33:12.335","3","3","1:23.094","144,270","0,0","25.646","0,0","20.752","0,0","36.696","210,3","0.546"
"10:34:35.394","4","4","1:23.059","144,331","0,0","25.726","0,0","20.639","0,0","36.694","210,7","0.545"
"10:35:58.632","5","5","1:23.238","144,021","0,0","25.587","0,0","20.651","0,0","37.000","211,9","0.542"
"10:37:21.676","6","6","1:23.044","144,357","0,0","26.375","0,0","20.411","0,0","36.258","209,6","0.548"
"10:38:44.251","7","7","1:22.575","145,177","0,0","25.520","0,0","20.508","0,0","36.547","211,1","0.544"
"10:40:06.501","8","8","1:22.250","145,751","0,0","25.423","0,0","20.380","0,0","36.447","211,9","0.542"
"10:41:28.943","9","9","1:22.442","145,411","0,0","25.494","0,0","20.521","0,0","36.427","211,9","0.542"
"10:42:51.280","10","10","1:22.337","145,597","0,0","25.399","0,0","20.421","0,0","36.517","211,5","0.543"
"10:44:13.413","11","11","1:22.133","145,958","0,0","25.364","0,0","20.356","0,0","36.413","210,3","0.546"
"10:45:35.642","12","12","1:22.229","145,788","0,0","25.367","0,0","20.373","0,0","36.489","210,3","0.546"
"10:46:57.965","13","13","1:22.323","145,622","0,0","25.425","0,0","20.417","0,0","36.481","209,9","0.547"
"10:48:20.481","14","14","1:22.516","145,281","0,0","25.389","0,0","20.451","0,0","36.676","209,6","0.548"
"10:50:14.032","15","15","1:53.551","105,574","0,0","25.407","0,0","20.415","","","209,2","0.549"
"10:51:40.548","16","16","1:26.516","138,564","","","0,0","20.642","0,0","36.579","",""
"10:53:03.008","17","17","1:22.460","145,380","0,0","25.495","0,0","20.517","0,0","36.448","211,5","0.543"
"10:54:25.732","18","18","1:22.724","144,916","0,0","25.561","0,0","20.558","0,0","36.605","211,1","0.544"
"10:55:48.297","19","19","1:22.565","145,195","0,0","25.515","0,0","20.619","0,0","36.431","211,1","0.544"
"10:57:11.004","20","20","1:22.707","144,945","0,0","25.532","0,0","20.625","0,0","36.550","211,9","0.542"
"10:58:34.042","21","21","1:23.038","144,368","0,0","25.592","0,0","20.768","0,0","36.678","211,1","0.544"
"10:59:57.027","22","22","1:22.985","144,460","0,0","25.585","0,0","20.642","0,0","36.758","211,5","0.543"
"11:01:19.972","23","23","1:22.945","144,530","0,0","25.623","0,0","20.628","0,0","36.694","211,9","0.542"
33 - NELSON PIQUET JR - Stock Car Pro
"10:30:22.017","1","1","1:29.396","134,100","0,0","30.022","0,0","22.304","0,0","37.070","167,6","0.685"
"10:31:46.229","2","2","1:24.212","142,355","0,0","26.572","0,0","20.853","0,0","36.787","211,9","0.542"
"10:33:09.923","3","3","1:23.694","143,236","0,0","26.191","0,0","20.688","0,0","36.815","211,1","0.544"
"10:34:32.983","4","4","1:23.060","144,329","0,0","25.964","0,0","20.582","0,0","36.514","208,8","0.550"
"10:35:55.692","5","5","1:22.709","144,942","0,0","25.708","0,0","20.642","0,0","36.359","209,6","0.548"
"10:37:17.820","6","6","1:22.128","145,967","0,0","25.393","0,0","20.380","0,0","36.355","210,3","0.546"
"10:39:12.623","7","7","1:54.803","104,422","0,0","25.678","0,0","20.512","","","210,3","0.546"
"10:40:38.547","8","8","1:25.924","139,519","","","0,0","20.335","0,0","36.336","",""
"10:42:00.709","9","9","1:22.162","145,907","0,0","25.445","0,0","20.253","0,0","36.464","208,8","0.550"
"10:43:22.808","10","10","1:22.099","146,019","0,0","25.501","0,0","20.244","0,0","36.354","208,4","0.551"
"10:44:46.218","11","11","1:23.410","143,724","0,0","25.835","0,0","20.655","0,0","36.920","209,6","0.548"
"10:46:09.352","12","12","1:23.134","144,201","0,0","26.009","0,0","20.548","0,0","36.577","209,2","0.549"
"10:47:32.121","13","13","1:22.769","144,837","0,0","25.734","0,0","20.399","0,0","36.636","208,8","0.550"
"10:48:54.923","14","14","1:22.802","144,779","0,0","25.615","0,0","20.504","0,0","36.683","209,6","0.548"
"10:50:17.475","15","15","1:22.552","145,218","0,0","25.609","0,0","20.430","0,0","36.513","209,9","0.547"
"10:51:40.945","16","16","1:23.470","143,620","0,0","26.305","0,0","20.505","0,0","36.660","211,1","0.544"
"10:53:03.774","17","17","1:22.829","144,732","0,0","25.769","0,0","20.447","0,0","36.613","209,9","0.547"
"10:54:26.680","18","18","1:22.906","144,597","0,0","25.742","0,0","20.531","0,0","36.633","210,3","0.546"
"10:55:49.264","19","19","1:22.584","145,161","0,0","25.631","0,0","20.379","0,0","36.574","210,7","0.545"
"10:57:12.087","20","20","1:22.823","144,742","0,0","25.726","0,0","20.491","0,0","36.606","210,7","0.545"
"10:58:34.993","21","21","1:22.906","144,597","0,0","25.835","0,0","20.421","0,0","36.650","210,7","0.545"
"10:59:58.463","22","22","1:23.470","143,620","0,0","26.033","0,0","20.636","0,0","36.801","210,7","0.545"
"11:01:20.924","23","23","1:22.461","145,378","0,0","25.513","0,0","20.360","0,0","36.588","211,1","0.544"
12 - LUCAS FORESTI - Stock Car Pro
"10:30:22.682","1","1","1:30.313","132,738","0,0","30.289","0,0","22.442","0,0","37.582","160,2","0.717"
"10:31:46.788","2","2","1:24.106","142,534","0,0","26.170","0,0","20.821","0,0","37.115","209,6","0.548"
"10:33:10.561","3","3","1:23.773","143,101","0,0","26.111","0,0","20.672","0,0","36.990","209,9","0.547"
"10:34:33.608","4","4","1:23.047","144,352","0,0","25.814","0,0","20.608","0,0","36.625","208,4","0.551"
"10:35:56.557","5","5","1:22.949","144,523","0,0","25.746","0,0","20.556","0,0","36.647","208,4","0.551"
"10:37:19.347","6","6","1:22.790","144,800","0,0","25.569","0,0","20.624","0,0","36.597","208,8","0.550"
"10:38:42.006","7","7","1:22.659","145,030","0,0","25.650","0,0","20.339","0,0","36.670","208,4","0.551"
"10:40:04.598","8","8","1:22.592","145,147","0,0","25.565","0,0","20.299","0,0","36.728","208,4","0.551"
"10:41:26.971","9","9","1:22.373","145,533","0,0","25.436","0,0","20.372","0,0","36.565","207,7","0.553"
"10:42:49.403","10","10","1:22.432","145,429","0,0","25.558","0,0","20.393","0,0","36.481","207,3","0.554"
"10:44:11.754","11","11","1:22.351","145,572","0,0","25.554","0,0","20.360","0,0","36.437","206,9","0.555"
"10:45:33.925","12","12","1:22.171","145,891","0,0","25.408","0,0","20.281","0,0","36.482","206,9","0.555"
"10:47:29.453","13","13","1:55.528","103,767","0,0","25.615","0,0","20.350","","","206,2","0.557"
"10:48:56.096","14","14","1:26.643","138,361","","","0,0","20.564","0,0","36.729","",""
"10:50:19.006","15","15","1:22.910","144,591","0,0","25.718","0,0","20.557","0,0","36.635","207,7","0.553"
"10:51:41.946","16","16","1:22.940","144,538","0,0","25.593","0,0","20.538","0,0","36.809","206,9","0.555"
"10:53:04.950","17","17","1:23.004","144,427","0,0","25.912","0,0","20.541","0,0","36.551","207,3","0.554"
"10:54:27.801","18","18","1:22.851","144,693","0,0","25.752","0,0","20.512","0,0","36.587","208,0","0.552"
"10:55:50.657","19","19","1:22.856","144,685","0,0","25.698","0,0","20.478","0,0","36.680","209,2","0.549"
"10:57:13.456","20","20","1:22.799","144,784","0,0","25.744","0,0","20.435","0,0","36.620","208,4","0.551"
"10:58:36.185","21","21","1:22.729","144,907","0,0","25.656","0,0","20.461","0,0","36.612","208,4","0.551"
"10:59:59.213","22","22","1:23.028","144,385","0,0","25.761","0,0","20.530","0,0","36.737","209,2","0.549"
"11:01:22.145","23","23","1:22.932","144,552","0,0","25.694","0,0","20.511","0,0","36.727","209,2","0.549"
293 - LEONARDO REIS - Stock Car Pro Rookie
"10:30:18.768","1","1","1:28.541","135,395","0,0","30.849","0,0","21.030","0,0","36.662","141,6","0.811"
"10:31:41.518","2","2","1:22.750","144,870","0,0","25.604","0,0","20.549","0,0","36.597","209,6","0.548"
"10:33:04.417","3","3","1:22.899","144,610","0,0","25.663","0,0","20.633","0,0","36.603","210,7","0.545"
"10:34:27.124","4","4","1:22.707","144,945","0,0","25.631","0,0","20.565","0,0","36.511","209,9","0.547"
"10:35:49.649","5","5","1:22.525","145,265","0,0","25.529","0,0","20.527","0,0","36.469","209,2","0.549"
"10:37:12.314","6","6","1:22.665","145,019","0,0","25.564","0,0","20.531","0,0","36.570","211,5","0.543"
"10:39:06.432","7","7","1:54.118","105,049","0,0","25.669","0,0","20.575","","","209,6","0.548"
"10:40:41.226","8","8","1:34.794","126,464","","","0,0","20.535","0,0","44.926","",""
"10:42:03.370","9","9","1:22.144","145,939","0,0","25.580","0,0","20.352","0,0","36.212","208,4","0.551"
"10:43:25.413","10","10","1:22.043","146,118","0,0","25.480","0,0","20.350","0,0","36.213","209,9","0.547"
"10:44:47.984","11","11","1:22.571","145,184","0,0","25.560","0,0","20.510","0,0","36.501","210,3","0.546"
"10:46:10.719","12","12","1:22.735","144,896","0,0","25.654","0,0","20.543","0,0","36.538","211,5","0.543"
"10:47:33.315","13","13","1:22.596","145,140","0,0","25.490","0,0","20.546","0,0","36.560","211,1","0.544"
"10:48:56.964","14","14","1:23.649","143,313","0,0","26.194","0,0","20.716","0,0","36.739","211,1","0.544"
"10:50:19.962","15","15","1:22.998","144,437","0,0","25.753","0,0","20.491","0,0","36.754","208,8","0.550"
"10:51:42.649","16","16","1:22.687","144,980","0,0","25.757","0,0","20.494","0,0","36.436","211,1","0.544"
"10:53:05.395","17","17","1:22.746","144,877","0,0","25.620","0,0","20.503","0,0","36.623","212,3","0.541"
"10:54:28.430","18","18","1:23.035","144,373","0,0","25.735","0,0","20.593","0,0","36.707","211,5","0.543"
"10:55:51.175","19","19","1:22.745","144,879","0,0","25.733","0,0","20.584","0,0","36.428","210,7","0.545"
"10:57:14.042","20","20","1:22.867","144,666","0,0","25.699","0,0","20.549","0,0","36.619","212,7","0.540"
"10:58:36.854","21","21","1:22.812","144,762","0,0","25.654","0,0","20.527","0,0","36.631","212,3","0.541"
"10:59:59.759","22","22","1:22.905","144,599","0,0","25.631","0,0","20.664","0,0","36.610","213,1","0.539"
"11:01:22.938","23","23","1:23.179","144,123","0,0","25.776","0,0","20.768","0,0","36.635","213,5","0.538"
18 - ALLAM KHODAIR - Stock Car Pro
"10:30:23.622","1","1","1:30.560","132,376","0,0","30.027","0,0","22.310","0,0","38.223","171,7","0.669"
"10:31:48.043","2","2","1:24.421","142,003","0,0","26.148","0,0","21.696","0,0","36.577","210,3","0.546"
"10:33:10.893","3","3","1:22.850","144,695","0,0","25.642","0,0","20.552","0,0","36.656","209,6","0.548"
"10:34:34.181","4","4","1:23.288","143,934","0,0","25.926","0,0","20.732","0,0","36.630","209,6","0.548"
"10:35:57.138","5","5","1:22.957","144,509","0,0","25.688","0,0","20.610","0,0","36.659","210,3","0.546"
"10:37:19.913","6","6","1:22.775","144,826","0,0","25.646","0,0","20.590","0,0","36.539","209,6","0.548"
"10:38:42.787","7","7","1:22.874","144,653","0,0","25.652","0,0","20.639","0,0","36.583","209,6","0.548"
"10:40:05.430","8","8","1:22.643","145,058","0,0","25.578","0,0","20.465","0,0","36.600","209,9","0.547"
"10:41:28.013","9","9","1:22.583","145,163","0,0","25.581","0,0","20.394","0,0","36.608","209,6","0.548"
"10:43:21.226","10","10","1:53.213","105,889","0,0","25.452","0,0","20.455","","","209,2","0.549"
"10:44:47.556","11","11","1:26.330","138,863","","","0,0","20.615","0,0","36.543","",""
"10:46:10.273","12","12","1:22.717","144,928","0,0","25.666","0,0","20.590","0,0","36.461","209,6","0.548"
"10:47:32.876","13","13","1:22.603","145,128","0,0","25.552","0,0","20.528","0,0","36.523","209,2","0.549"
"10:48:56.644","14","14","1:23.768","143,110","0,0","26.372","0,0","20.632","0,0","36.764","208,8","0.550"
"10:50:20.147","15","15","1:23.503","143,564","0,0","25.636","0,0","20.641","0,0","37.226","210,3","0.546"
"10:51:43.466","16","16","1:23.319","143,881","0,0","25.966","0,0","20.564","0,0","36.789","208,4","0.551"
"10:53:06.070","17","17","1:22.604","145,126","0,0","25.577","0,0","20.513","0,0","36.514","210,3","0.546"
"10:54:28.952","18","18","1:22.882","144,639","0,0","25.601","0,0","20.514","0,0","36.767","211,1","0.544"
"10:55:51.991","19","19","1:23.039","144,366","0,0","25.683","0,0","20.624","0,0","36.732","211,1","0.544"
"10:57:14.599","20","20","1:22.608","145,119","0,0","25.534","0,0","20.491","0,0","36.583","211,5","0.543"
"10:58:37.628","21","21","1:23.029","144,383","0,0","25.654","0,0","20.516","0,0","36.859","211,5","0.543"
"11:00:00.499","22","22","1:22.871","144,659","0,0","25.632","0,0","20.473","0,0","36.766","209,9","0.547"
"11:01:23.681","23","23","1:23.182","144,118","0,0","25.648","0,0","20.634","0,0","36.900","210,3","0.546"
51 - ATILA ABREU - Stock Car Pro
"10:30:23.894","1","1","1:30.391","132,624","0,0","29.760","0,0","22.349","0,0","38.282","173,7","0.661"
"10:31:48.730","2","2","1:24.836","141,308","0,0","26.284","0,0","21.500","0,0","37.052","208,0","0.552"
"10:33:11.935","3","3","1:23.205","144,078","0,0","25.849","0,0","20.772","0,0","36.584","210,7","0.545"
"10:34:34.911","4","4","1:22.976","144,476","0,0","25.718","0,0","20.700","0,0","36.558","211,5","0.543"
"10:35:58.626","5","5","1:23.715","143,200","0,0","25.722","0,0","20.727","0,0","37.266","211,9","0.542"
"10:37:22.642","6","6","1:24.016","142,687","0,0","26.771","0,0","20.777","0,0","36.468","207,3","0.554"
"10:38:45.736","7","7","1:23.094","144,270","0,0","25.683","0,0","20.812","0,0","36.599","211,5","0.543"
"10:40:08.577","8","8","1:22.841","144,711","0,0","25.626","0,0","20.730","0,0","36.485","211,1","0.544"
"10:41:31.310","9","9","1:22.733","144,900","0,0","25.619","0,0","20.621","0,0","36.493","211,1","0.544"
"10:42:54.034","10","10","1:22.724","144,916","0,0","25.636","0,0","20.686","0,0","36.402","210,7","0.545"
"10:44:16.575","11","11","1:22.541","145,237","0,0","25.538","0,0","20.558","0,0","36.445","210,3","0.546"
"10:45:39.141","12","12","1:22.566","145,193","0,0","25.594","0,0","20.567","0,0","36.405","209,9","0.547"
"10:47:32.180","13","13","1:53.039","106,052","0,0","25.636","0,0","20.691","","","209,9","0.547"
"10:48:58.788","14","14","1:26.608","138,417","","","0,0","20.834","0,0","36.392","",""
"10:50:21.485","15","15","1:22.697","144,963","0,0","25.549","0,0","20.715","0,0","36.433","211,1","0.544"
"10:51:44.424","16","16","1:22.939","144,540","0,0","25.602","0,0","20.730","0,0","36.607","211,9","0.542"
"10:53:07.224","17","17","1:22.800","144,783","0,0","25.646","0,0","20.658","0,0","36.496","211,9","0.542"
"10:54:30.034","18","18","1:22.810","144,765","0,0","25.604","0,0","20.755","0,0","36.451","212,3","0.541"
"10:55:52.865","19","19","1:22.831","144,728","0,0","25.554","0,0","20.730","0,0","36.547","213,1","0.539"
"10:57:15.610","20","20","1:22.745","144,879","0,0","25.568","0,0","20.645","0,0","36.532","212,7","0.540"
"10:58:38.432","21","21","1:22.822","144,744","0,0","25.649","0,0","20.625","0,0","36.548","212,7","0.540"
"11:00:01.232","22","22","1:22.800","144,783","0,0","25.547","0,0","20.684","0,0","36.569","212,7","0.540"
"11:01:24.296","23","23","1:23.064","144,322","0,0","25.656","0,0","20.739","0,0","36.669","213,1","0.539"
0 - CACA BUENO - Stock Car Pro
"10:30:25.588","1","1","1:32.553","129,526","0,0","31.167","0,0","22.092","0,0","39.294","168,6","0.681"
"10:31:49.929","2","2","1:24.341","142,137","0,0","26.053","0,0","20.894","0,0","37.394","206,5","0.556"
"10:33:13.011","3","3","1:23.082","144,291","0,0","25.869","0,0","20.690","0,0","36.523","206,9","0.555"
"10:34:35.671","4","4","1:22.660","145,028","0,0","25.656","0,0","20.476","0,0","36.528","207,3","0.554"
"10:35:58.896","5","5","1:23.225","144,043","0,0","25.822","0,0","20.638","0,0","36.765","208,0","0.552"
"10:37:23.244","6","6","1:24.348","142,125","0,0","26.757","0,0","20.836","0,0","36.755","208,4","0.551"
"10:39:18.071","7","7","1:54.827","104,401","0,0","25.569","0,0","20.742","","","207,3","0.554"
"10:40:43.958","8","8","1:25.887","139,579","","","0,0","20.433","0,0","36.444","",""
"10:42:06.067","9","9","1:22.109","146,001","0,0","25.494","0,0","20.378","0,0","36.237","206,9","0.555"
"10:43:28.258","10","10","1:22.191","145,855","0,0","25.441","0,0","20.388","0,0","36.362","207,3","0.554"
"10:44:50.684","11","11","1:22.426","145,440","0,0","25.467","0,0","20.540","0,0","36.419","207,3","0.554"
"10:46:13.135","12","12","1:22.451","145,395","0,0","25.498","0,0","20.455","0,0","36.498","207,7","0.553"
"10:47:35.765","13","13","1:22.630","145,080","0,0","25.595","0,0","20.530","0,0","36.505","207,3","0.554"
"10:48:59.402","14","14","1:23.637","143,334","0,0","26.165","0,0","20.754","0,0","36.718","207,7","0.553"
"10:50:22.906","15","15","1:23.504","143,562","0,0","25.675","0,0","20.801","0,0","37.028","208,8","0.550"
"10:51:46.448","16","16","1:23.542","143,497","0,0","25.870","0,0","20.770","0,0","36.902","206,5","0.556"
"10:53:09.498","17","17","1:23.050","144,347","0,0","25.778","0,0","20.718","0,0","36.554","206,9","0.555"
"10:54:32.013","18","18","1:22.515","145,283","0,0","25.515","0,0","20.463","0,0","36.537","208,4","0.551"
"10:55:54.631","19","19","1:22.618","145,102","0,0","25.500","0,0","20.523","0,0","36.595","208,8","0.550"
"10:57:17.565","20","20","1:22.934","144,549","0,0","25.678","0,0","20.635","0,0","36.621","208,0","0.552"
"10:58:40.468","21","21","1:22.903","144,603","0,0","25.675","0,0","20.615","0,0","36.613","208,4","0.551"
"11:00:03.780","22","22","1:23.312","143,893","0,0","25.737","0,0","20.623","0,0","36.952","208,8","0.550"
"11:01:26.157","23","23","1:22.377","145,526","0,0","25.483","0,0","20.454","0,0","36.440","208,8","0.550"
444 - VICENTE ORIGE - Stock Car Pro
"10:30:26.474","1","1","1:33.780","127,831","0,0","32.676","0,0","21.893","0,0","39.211","160,8","0.714"
"10:31:51.111","2","2","1:24.637","141,640","0,0","26.203","0,0","20.966","0,0","37.468","206,9","0.555"
"10:33:16.219","3","3","1:25.108","140,856","0,0","26.447","0,0","20.967","0,0","37.694","207,7","0.553"
"10:34:39.490","4","4","1:23.271","143,964","0,0","26.328","0,0","20.409","0,0","36.534","210,7","0.545"
"10:36:02.303","5","5","1:22.813","144,760","0,0","25.656","0,0","20.274","0,0","36.883","208,8","0.550"
"10:37:25.275","6","6","1:22.972","144,482","0,0","25.691","0,0","20.490","0,0","36.791","208,0","0.552"
"10:38:48.053","7","7","1:22.778","144,821","0,0","25.691","0,0","20.382","0,0","36.705","209,2","0.549"
"10:40:43.335","8","8","1:55.282","103,988","0,0","25.963","0,0","20.419","","","208,8","0.550"
"10:42:09.610","9","9","1:26.275","138,951","","","0,0","20.401","0,0","36.662","",""
"10:43:32.029","10","10","1:22.419","145,452","0,0","25.550","0,0","20.303","0,0","36.566","206,9","0.555"
"10:44:54.713","11","11","1:22.684","144,986","0,0","25.718","0,0","20.350","0,0","36.616","207,7","0.553"
"10:46:17.228","12","12","1:22.515","145,283","0,0","25.512","0,0","20.262","0,0","36.741","207,7","0.553"
"10:47:40.281","13","13","1:23.053","144,342","0,0","25.920","0,0","20.336","0,0","36.797","207,7","0.553"
"10:49:02.949","14","14","1:22.668","145,014","0,0","25.623","0,0","20.428","0,0","36.617","207,7","0.553"
"10:50:25.757","15","15","1:22.808","144,769","0,0","25.853","0,0","20.352","0,0","36.603","208,0","0.552"
"10:51:48.175","16","16","1:22.418","145,454","0,0","25.504","0,0","20.422","0,0","36.492","208,4","0.551"
"10:53:10.920","17","17","1:22.745","144,879","0,0","25.586","0,0","20.457","0,0","36.702","208,4","0.551"
"10:54:33.664","18","18","1:22.744","144,881","0,0","25.640","0,0","20.427","0,0","36.677","209,2","0.549"
"10:55:56.247","19","19","1:22.583","145,163","0,0","25.640","0,0","20.392","0,0","36.551","209,2","0.549"
"10:57:19.218","20","20","1:22.971","144,484","0,0","25.499","0,0","20.395","0,0","37.077","209,9","0.547"
"10:58:42.216","21","21","1:22.998","144,437","0,0","25.770","0,0","20.566","0,0","36.662","208,4","0.551"
"11:00:06.303","22","22","1:24.087","142,567","0,0","26.733","0,0","20.545","0,0","36.809","209,6","0.548"
"11:01:30.055","23","23","1:23.752","143,137","0,0","25.908","0,0","20.576","0,0","37.268","209,6","0.548"
27 - RENAN GUERRA - Stock Car Pro
"10:30:26.140","1","1","1:32.140","130,106","0,0","31.071","0,0","21.849","0,0","39.220","172,2","0.667"
"10:31:50.666","2","2","1:24.526","141,826","0,0","26.212","0,0","20.895","0,0","37.419","207,3","0.554"
"10:33:14.120","3","3","1:23.454","143,648","0,0","26.014","0,0","20.700","0,0","36.740","208,4","0.551"
"10:34:37.081","4","4","1:22.961","144,502","0,0","25.837","0,0","20.609","0,0","36.515","207,7","0.553"
"10:35:59.842","5","5","1:22.761","144,851","0,0","25.695","0,0","20.598","0,0","36.468","207,7","0.553"
"10:37:23.819","6","6","1:23.977","142,753","0,0","26.229","0,0","20.781","0,0","36.967","208,4","0.551"
"10:39:19.867","7","7","1:56.048","103,302","0,0","25.689","0,0","20.759","","","209,2","0.549"
"10:40:46.888","8","8","1:27.021","137,760","","","0,0","20.624","0,0","37.140","",""
"10:42:10.350","9","9","1:23.462","143,634","0,0","26.106","0,0","20.588","0,0","36.768","206,5","0.556"
"10:43:33.199","10","10","1:22.849","144,697","0,0","25.730","0,0","20.402","0,0","36.717","207,3","0.554"
"10:44:56.044","11","11","1:22.845","144,704","0,0","25.645","0,0","20.472","0,0","36.728","207,3","0.554"
"10:46:19.143","12","12","1:23.099","144,262","0,0","25.823","0,0","20.549","0,0","36.727","206,9","0.555"
"10:47:41.968","13","13","1:22.825","144,739","0,0","25.657","0,0","20.529","0,0","36.639","207,3","0.554"
"10:49:04.889","14","14","1:22.921","144,571","0,0","25.716","0,0","20.544","0,0","36.661","206,5","0.556"
"10:50:28.022","15","15","1:23.133","144,203","0,0","25.719","0,0","20.568","0,0","36.846","208,0","0.552"
"10:51:50.970","16","16","1:22.948","144,524","0,0","25.755","0,0","20.446","0,0","36.747","207,7","0.553"
"10:53:13.817","17","17","1:22.847","144,700","0,0","25.733","0,0","20.503","0,0","36.611","208,4","0.551"
"10:54:36.645","18","18","1:22.828","144,734","0,0","25.658","0,0","20.447","0,0","36.723","208,4","0.551"
"10:55:59.463","19","19","1:22.818","144,751","0,0","25.728","0,0","20.519","0,0","36.571","207,7","0.553"
"10:57:22.462","20","20","1:22.999","144,435","0,0","25.676","0,0","20.550","0,0","36.773","208,8","0.550"
"10:58:45.588","21","21","1:23.126","144,215","0,0","25.844","0,0","20.550","0,0","36.732","208,0","0.552"
"11:00:08.590","22","22","1:23.002","144,430","0,0","25.610","0,0","20.589","0,0","36.803","208,8","0.550"
"11:01:31.846","23","23","1:23.256","143,990","0,0","25.875","0,0","20.550","0,0","36.831","209,6","0.548"
80 - ALFREDINHO IBIAPINA - Stock Car Pro Rookie
"10:30:26.726","1","1","1:33.144","128,704","0,0","30.962","0,0","21.970","0,0","40.212","174,0","0.660"
"10:31:51.304","2","2","1:24.578","141,739","0,0","26.237","0,0","20.975","0,0","37.366","208,8","0.550"
"10:33:16.381","3","3","1:25.077","140,908","0,0","26.547","0,0","20.895","0,0","37.635","210,7","0.545"
"10:34:42.340","4","4","1:25.959","139,462","0,0","27.263","0,0","21.163","0,0","37.533","209,2","0.549"
"10:36:05.466","5","5","1:23.126","144,215","0,0","26.130","0,0","20.594","0,0","36.402","208,8","0.550"
"10:37:28.205","6","6","1:22.739","144,889","0,0","25.650","0,0","20.583","0,0","36.506","208,4","0.551"
"10:38:50.868","7","7","1:22.663","145,023","0,0","25.557","0,0","20.566","0,0","36.540","209,2","0.549"
"10:40:13.643","8","8","1:22.775","144,826","0,0","25.661","0,0","20.539","0,0","36.575","209,6","0.548"
"10:41:37.107","9","9","1:23.464","143,631","0,0","25.611","0,0","20.479","0,0","37.374","208,4","0.551"
"10:43:00.052","10","10","1:22.945","144,530","0,0","25.782","0,0","20.626","0,0","36.537","206,5","0.556"
"10:44:22.653","11","11","1:22.601","145,131","0,0","25.585","0,0","20.528","0,0","36.488","209,2","0.549"
"10:46:19.281","12","12","1:56.628","102,788","0,0","25.749","0,0","20.560","","","208,8","0.550"
"10:47:46.575","13","13","1:27.294","137,329","","","0,0","20.632","0,0","36.790","",""
"10:49:09.266","14","14","1:22.691","144,973","0,0","25.631","0,0","20.555","0,0","36.505","207,7","0.553"
"10:50:32.291","15","15","1:23.025","144,390","0,0","25.731","0,0","20.600","0,0","36.694","208,8","0.550"
"10:51:54.963","16","16","1:22.672","145,007","0,0","25.647","0,0","20.493","0,0","36.532","208,8","0.550"
"10:53:17.602","17","17","1:22.639","145,065","0,0","25.642","0,0","20.530","0,0","36.467","209,2","0.549"
"10:54:40.242","18","18","1:22.640","145,063","0,0","25.635","0,0","20.554","0,0","36.451","210,3","0.546"
"10:56:02.903","19","19","1:22.661","145,026","0,0","25.627","0,0","20.556","0,0","36.478","210,7","0.545"
"10:57:25.648","20","20","1:22.745","144,879","0,0","25.626","0,0","20.548","0,0","36.571","210,3","0.546"
"10:58:48.431","21","21","1:22.783","144,812","0,0","25.620","0,0","20.611","0,0","36.552","210,7","0.545"
"11:00:11.584","22","22","1:23.153","144,168","0,0","25.668","0,0","20.591","0,0","36.894","211,1","0.544"
"11:01:34.998","23","23","1:23.414","143,717","0,0","25.712","0,0","20.668","0,0","37.034","210,3","0.546"
10 - RICARDO ZONTA - Stock Car Pro
"10:30:27.650","1","1","1:33.343","128,430","0,0","32.608","0,0","22.796","0,0","37.939","175,6","0.654"
"10:31:53.293","2","2","1:25.643","139,976","0,0","27.287","0,0","21.034","0,0","37.322","208,8","0.550"
"10:33:18.394","3","3","1:25.101","140,868","0,0","26.367","0,0","21.044","0,0","37.690","205,8","0.558"
"10:34:43.517","4","4","1:25.123","140,832","0,0","26.723","0,0","21.166","0,0","37.234","206,5","0.556"
"10:36:09.929","5","5","1:26.412","138,731","0,0","27.308","0,0","20.935","0,0","38.169","210,3","0.546"
"10:37:33.476","6","6","1:23.547","143,488","0,0","26.090","0,0","20.716","0,0","36.741","205,8","0.558"
"10:39:30.873","7","7","1:57.397","102,115","0,0","26.113","0,0","20.770","","","206,5","0.556"
"10:40:56.969","8","8","1:26.096","139,240","","","0,0","20.567","0,0","36.468","",""
"10:42:20.010","9","9","1:23.041","144,362","0,0","26.187","0,0","20.463","0,0","36.391","206,5","0.556"
"10:43:42.431","10","10","1:22.421","145,448","0,0","25.654","0,0","20.412","0,0","36.355","205,8","0.558"
"10:45:04.730","11","11","1:22.299","145,664","0,0","25.588","0,0","20.357","0,0","36.354","206,5","0.556"
"10:46:27.101","12","12","1:22.371","145,537","0,0","25.513","0,0","20.399","0,0","36.459","206,5","0.556"
"10:47:49.446","13","13","1:22.345","145,583","0,0","25.545","0,0","20.433","0,0","36.367","205,8","0.558"
"10:49:11.840","14","14","1:22.394","145,496","0,0","25.642","0,0","20.350","0,0","36.402","206,2","0.557"
"10:50:34.080","15","15","1:22.240","145,768","0,0","25.558","0,0","20.381","0,0","36.301","207,7","0.553"
"10:51:56.544","16","16","1:22.464","145,373","0,0","25.526","0,0","20.510","0,0","36.428","207,7","0.553"
"10:53:18.845","17","17","1:22.301","145,660","0,0","25.532","0,0","20.463","0,0","36.306","208,4","0.551"
"10:54:41.206","18","18","1:22.361","145,554","0,0","25.493","0,0","20.429","0,0","36.439","208,8","0.550"
"10:56:03.694","19","19","1:22.488","145,330","0,0","25.476","0,0","20.544","0,0","36.468","209,6","0.548"
"10:57:26.328","20","20","1:22.634","145,073","0,0","25.671","0,0","20.532","0,0","36.431","209,9","0.547"
"10:58:48.991","21","21","1:22.663","145,023","0,0","25.562","0,0","20.627","0,0","36.474","209,6","0.548"
"11:00:11.806","22","22","1:22.815","144,756","0,0","25.690","0,0","20.516","0,0","36.609","209,2","0.549"
"11:01:35.269","23","23","1:23.463","143,633","0,0","25.876","0,0","20.573","0,0","37.014","210,7","0.545"
6 - HELIO CASTRONEVES - Stock Car Pro
"10:30:26.933","1","1","1:32.914","129,023","0,0","32.085","0,0","21.600","0,0","39.229","171,9","0.668"
"10:31:51.830","2","2","1:24.897","141,206","0,0","26.580","0,0","20.899","0,0","37.418","207,7","0.553"
"10:33:16.910","3","3","1:25.080","140,903","0,0","26.426","0,0","20.867","0,0","37.787","208,4","0.551"
"10:34:43.092","4","4","1:26.182","139,101","0,0","26.995","0,0","21.028","0,0","38.159","209,6","0.548"
"10:36:08.191","5","5","1:25.099","140,871","0,0","26.656","0,0","21.131","0,0","37.312","206,9","0.555"
"10:37:31.063","6","6","1:22.872","144,657","0,0","25.724","0,0","20.453","0,0","36.695","207,7","0.553"
"10:38:53.929","7","7","1:22.866","144,667","0,0","25.673","0,0","20.585","0,0","36.608","208,4","0.551"
"10:40:17.281","8","8","1:23.352","143,824","0,0","25.841","0,0","20.573","0,0","36.938","208,8","0.550"
"10:41:40.406","9","9","1:23.125","144,217","0,0","25.913","0,0","20.527","0,0","36.685","207,3","0.554"
"10:43:03.709","10","10","1:23.303","143,908","0,0","25.808","0,0","20.633","0,0","36.862","207,3","0.554"
"10:45:03.168","11","11","1:59.459","100,352","0,0","25.912","0,0","20.565","","","206,5","0.556"
"10:46:30.367","12","12","1:27.199","137,479","","","0,0","20.583","0,0","36.771","",""
"10:47:53.974","13","13","1:23.607","143,385","0,0","25.915","0,0","20.887","0,0","36.805","205,4","0.559"
"10:49:17.455","14","14","1:23.481","143,602","0,0","25.824","0,0","20.647","0,0","37.010","206,2","0.557"
"10:50:40.723","15","15","1:23.268","143,969","0,0","25.834","0,0","20.842","0,0","36.592","206,2","0.557"
"10:52:04.088","16","16","1:23.365","143,801","0,0","25.800","0,0","20.603","0,0","36.962","206,5","0.556"
"10:53:27.343","17","17","1:23.255","143,991","0,0","25.841","0,0","20.629","0,0","36.785","206,9","0.555"
"10:54:50.457","18","18","1:23.114","144,236","0,0","25.789","0,0","20.612","0,0","36.713","208,0","0.552"
"10:56:13.749","19","19","1:23.292","143,927","0,0","25.826","0,0","20.733","0,0","36.733","208,0","0.552"
"10:57:36.964","20","20","1:23.215","144,061","0,0","25.725","0,0","20.680","0,0","36.810","207,7","0.553"
"10:59:00.169","21","21","1:23.205","144,078","0,0","25.755","0,0","20.628","0,0","36.822","207,7","0.553"
"11:00:23.376","22","22","1:23.207","144,074","0,0","25.778","0,0","20.633","0,0","36.796","207,7","0.553"
"11:01:47.016","23","23","1:23.640","143,329","0,0","25.835","0,0","20.693","0,0","37.112","208,0","0.552"
24 - FELIPE BARTZ - Stock Car Pro Rookie
"10:30:28.368","1","1","1:33.323","128,457","0,0","31.617","0,0","23.423","0,0","38.283","178,6","0.643"
"10:31:54.237","2","2","1:25.869","139,608","0,0","27.107","0,0","21.092","0,0","37.670","205,8","0.558"
"10:33:18.885","3","3","1:24.648","141,622","0,0","26.455","0,0","20.930","0,0","37.263","204,7","0.561"
"10:34:44.738","4","4","1:25.853","139,634","0,0","27.163","0,0","21.141","0,0","37.549","206,9","0.555"
"10:36:10.235","5","5","1:25.497","140,215","0,0","26.295","0,0","21.052","0,0","38.150","205,8","0.558"
"10:37:34.321","6","6","1:24.086","142,568","0,0","26.211","0,0","20.857","0,0","37.018","205,8","0.558"
"10:38:58.185","7","7","1:23.864","142,946","0,0","25.937","0,0","20.673","0,0","37.254","205,1","0.560"
"10:40:53.681","8","8","1:55.496","103,796","0,0","27.819","0,0","20.859","","","204,3","0.562"
"10:42:22.175","9","9","1:28.494","135,467","","","0,0","20.731","0,0","37.743","",""
"10:43:45.603","10","10","1:23.428","143,693","0,0","26.096","0,0","20.532","0,0","36.800","201,1","0.571"
"10:45:34.001","11","12","1:48.398","110,592","0,0","25.920","0,0","20.782","","","203,6","0.564"
"10:47:01.356","12","13","1:27.355","137,233","","","0,0","20.633","0,0","37.109","",""
"10:48:24.653","13","14","1:23.297","143,919","0,0","25.952","0,0","20.585","0,0","36.760","202,5","0.567"
"10:49:47.997","14","14","1:23.344","143,838","0,0","25.976","0,0","20.502","0,0","36.866","203,3","0.565"
"10:51:11.158","15","15","1:23.161","144,154","0,0","25.964","0,0","20.504","0,0","36.693","203,6","0.564"
"10:52:34.140","16","16","1:22.982","144,465","0,0","25.805","0,0","20.415","0,0","36.762","204,3","0.562"
"10:53:57.797","17","17","1:23.657","143,299","0,0","26.331","0,0","20.494","0,0","36.832","204,3","0.562"
"10:55:20.813","18","18","1:23.016","144,406","0,0","25.779","0,0","20.464","0,0","36.773","204,7","0.561"
"10:56:43.789","19","19","1:22.976","144,476","0,0","25.799","0,0","20.432","0,0","36.745","204,7","0.561"
"10:58:06.861","20","20","1:23.072","144,309","0,0","25.797","0,0","20.467","0,0","36.808","205,4","0.559"
"10:59:29.906","21","21","1:23.045","144,355","0,0","25.886","0,0","20.503","0,0","36.656","205,4","0.559"
"11:00:52.985","22","22","1:23.079","144,296","0,0","25.832","0,0","20.457","0,0","36.790","204,7","0.561"
"11:02:15.844","23","23","1:22.859","144,680","0,0","25.747","0,0","20.388","0,0","36.724","206,2","0.557"
121 - FELIPE BAPTISTA - Stock Car Pro
"10:30:27.312","1","1","1:32.044","130,242","0,0","31.037","0,0","22.120","0,0","38.887","183,7","0.625"
"10:31:52.298","2","2","1:24.986","141,059","0,0","26.785","0,0","20.984","0,0","37.217","209,2","0.549"
"10:33:17.314","3","3","1:25.016","141,009","0,0","26.585","0,0","21.025","0,0","37.406","207,3","0.554"
"10:34:42.999","4","4","1:25.685","139,908","0,0","27.396","0,0","20.955","0,0","37.334","206,5","0.556"
"10:36:07.272","5","5","1:24.273","142,252","0,0","26.516","0,0","21.012","0,0","36.745","208,8","0.550"
"10:37:29.393","6","6","1:22.121","145,980","0,0","25.435","0,0","20.371","0,0","36.315","206,5","0.556"
"10:38:51.743","7","7","1:22.350","145,574","0,0","25.526","0,0","20.434","0,0","36.390","207,7","0.553"
"10:40:14.185","8","8","1:22.442","145,411","0,0","25.487","0,0","20.372","0,0","36.583","207,7","0.553"
"10:41:36.956","9","9","1:22.771","144,833","0,0","25.557","0,0","20.380","0,0","36.834","206,5","0.556"
"10:42:58.988","10","10","1:22.032","146,138","0,0","25.452","0,0","20.293","0,0","36.287","206,5","0.556"
"10:44:20.902","11","11","1:21.914","146,349","0,0","25.361","0,0","20.227","0,0","36.326","207,7","0.553"
"10:46:24.256","12","12","2:03.354","97,184","0,0","25.608","0,0","20.978","","","207,3","0.554"
"10:47:50.268","13","13","1:26.012","139,376","","","0,0","20.463","0,0","36.428","",""
"10:49:12.678","14","14","1:22.410","145,468","0,0","25.605","0,0","20.357","0,0","36.448","207,3","0.554"
"10:50:34.865","15","15","1:22.187","145,862","0,0","25.511","0,0","20.282","0,0","36.394","207,7","0.553"
"10:51:57.061","16","16","1:22.196","145,847","0,0","25.482","0,0","20.336","0,0","36.378","208,8","0.550"
"10:53:19.442","17","17","1:22.381","145,519","0,0","25.603","0,0","20.362","0,0","36.416","208,0","0.552"
"10:54:43.178","18","18","1:23.736","143,164","0,0","25.568","0,0","20.329","0,0","37.839","208,8","0.550"
"10:56:05.467","19","19","1:22.289","145,682","0,0","25.609","0,0","20.321","0,0","36.359","209,6","0.548"
"10:57:27.602","20","20","1:22.135","145,955","0,0","25.381","0,0","20.280","0,0","36.474","209,6","0.548"
"10:58:49.782","21","21","1:22.180","145,875","0,0","25.472","0,0","20.365","0,0","36.343","209,6","0.548"
"11:00:29.039","22","22","1:39.257","120,777","0,0","25.534","0,0","20.417","0,0","53.306","210,7","0.545"
90 - RICARDO MAURICIO - Stock Car Pro
"10:30:27.478","1","1","1:32.377","129,773","0,0","31.402","0,0","22.753","0,0","38.222","175,3","0.655"
"10:31:52.743","2","2","1:25.265","140,597","0,0","26.923","0,0","20.990","0,0","37.352","208,0","0.552"
"10:33:18.375","3","3","1:25.632","139,994","0,0","26.579","0,0","21.124","0,0","37.929","201,8","0.569"
"10:34:44.910","4","4","1:26.535","138,534","0,0","27.403","0,0","21.194","0,0","37.938","195,0","0.589"
"10:36:11.333","5","5","1:26.423","138,713","0,0","26.488","0,0","21.016","0,0","38.919","193,3","0.594"
"10:48:31.275","6","14","12:19.942","16,201","0,0","26.253","0,0","20.759","","","193,0","0.595"
"10:49:59.607","7","14","1:28.332","135,715","","","0,0","20.889","0,0","37.063","",""
"10:51:23.130","8","15","1:23.523","143,529","0,0","25.503","0,0","20.623","0,0","37.397","204,0","0.563"
22 - ANDRE MORAES JR - Stock Car Pro Rookie
"10:30:27.849","1","1","1:33.108","128,754","0,0","31.657","0,0","23.438","0,0","38.013","174,0","0.660"
"10:31:53.498","2","2","1:25.649","139,967","0,0","27.445","0,0","20.991","0,0","37.213","211,9","0.542"
"10:33:18.583","3","3","1:25.085","140,894","0,0","26.396","0,0","21.113","0,0","37.576","210,7","0.545"
"10:34:43.838","4","4","1:25.255","140,613","0,0","26.833","0,0","21.126","0,0","37.296","208,8","0.550"
"10:36:09.665","5","5","1:25.827","139,676","0,0","26.699","0,0","20.890","0,0","38.238","208,0","0.552"
"10:37:32.998","6","6","1:23.333","143,857","0,0","25.760","0,0","20.705","0,0","36.868","207,7","0.553"
"10:38:59.584","7","7","1:26.586","138,452","0,0","26.188","0,0","20.681","0,0","39.717","192,0","0.598"
95 - LUCAS KOHL - Stock Car Pro
"10:30:27.028","1","1","1:32.377","129,773","0,0","31.596","0,0","22.742","0,0","38.039","178,3","0.644"
"10:31:52.099","2","2","1:25.071","140,918","0,0","26.927","0,0","20.823","0,0","37.321","208,8","0.550"
"10:33:17.179","3","3","1:25.080","140,903","0,0","26.646","0,0","20.713","0,0","37.721","211,9","0.542"
"10:34:43.150","4","4","1:25.971","139,442","0,0","27.770","0,0","20.866","0,0","37.335","210,7","0.545"
"10:36:08.508","5","5","1:25.358","140,444","0,0","27.117","0,0","20.860","0,0","37.381","214,3","0.536"
"10:37:31.594","6","6","1:23.086","144,284","0,0","25.805","0,0","20.583","0,0","36.698","210,3","0.546"
30 - CESAR RAMOS - Stock Car Pro
"10:30:24.699","1","1","1:32.730","129,279","0,0","31.676","0,0","22.160","0,0","38.894","154,8","0.742"
"10:31:50.597","2","2","1:25.898","139,561","0,0","26.610","0,0","20.899","0,0","38.389","204,7","0.561"
"10:33:16.087","3","3","1:25.490","140,227","0,0","26.662","0,0","21.026","0,0","37.802","200,1","0.574"
"10:34:42.068","4","4","1:25.981","139,426","0,0","27.333","0,0","21.070","0,0","37.578","203,3","0.565"
11 - GAETANO DI MAURO - Stock Car Pro
"10:30:23.104","1","1","1:31.531","130,972","0,0","31.273","0,0","22.387","0,0","37.871","148,6","0.773"
